temperature_c,humidity_percent
21.4,65.5
21.4,65.5
21.4,65.4
21.4,65.4
21.4,65.2
21.4,65.6
21.4,65.4
21.4,65.4
21.4,65.5
21.4,65.4
21.4,65.4
21.4,65.2
21.4,65.4
21.4,65.4
21.4,65.2
21.4,65.4
21.4,65.4
21.4,65.5
21.4,65.4
21.4,65.7
21.4,65.4
21.4,65.5
21.4,65.6
21.4,65.4
21.4,65.4
21.4,65.6
21.4,65.7
21.4,65.4
21.4,65.8
21.4,65.7
21.4,65.5
21.4,65.4
21.4,65.8
21.4,65.4
21.4,65.5
21.4,65.6
21.4,65.9
21.4,65.4
21.4,65.5
21.4,65.5
21.4,65.5
21.4,65.5
21.4,65.8
21.4,65.4
21.4,65.5
21.4,65.5
21.4,65.5
21.4,65.4
21.4,65.9
21.4,65.9
21.4,66.1
21.4,65.4
21.4,65.9
21.4,65.3
21.4,66.0
21.4,65.3
21.4,65.3
21.4,65.3
21.4,65.7
21.4,65.7
21.4,65.2
21.4,65.2
21.4,65.6
21.4,65.7
21.4,65.2
21.4,65.7
21.4,65.3
21.4,65.9
21.4,65.8
21.4,65.3
21.4,65.5
21.4,65.9
21.4,65.4
21.4,65.9
21.5,65.4
21.4,65.9
21.4,65.4
21.4,65.9
21.4,65.9
21.4,65.4
21.5,65.5
21.5,65.9
21.5,65.9
21.5,65.4
21.4,65.4
21.5,65.3
21.4,65.9
21.5,65.8
21.5,65.4
21.5,65.8
21.4,65.4
21.4,65.3
21.5,65.9
21.5,65.3
21.5,65.9
21.5,65.9
21.5,65.5
21.5,65.4
21.5,65.9
21.5,65.4
21.5,65.4
21.5,65.9
21.5,65.5
21.5,65.9
21.5,66.0
21.5,65.9
21.5,65.4
21.5,65.4
21.5,65.4
21.5,65.4
21.5,65.4
21.5,65.4
21.5,65.3
21.5,65.4
21.5,65.4
21.5,65.3
21.5,65.9
21.5,65.4
21.5,65.4
21.5,65.3
21.5,65.8
21.5,65.3
21.5,65.3
21.5,65.3
21.5,65.7
21.5,65.2
21.5,65.2
21.5,65.2
21.5,65.2
21.5,65.1
21.5,65.2
21.5,65.1
21.5,65.5
21.5,65.7
21.5,65.3
21.5,65.3
21.5,65.2
21.5,65.3
21.5,65.4
21.5,65.8
21.5,66.0
21.6,65.4
21.6,65.4
21.6,66.0
21.6,66.0
21.6,65.4
21.6,65.4
21.6,65.4
21.6,66.0
21.6,65.9
21.6,66.0
21.6,65.4
21.6,65.3
21.6,66.0
21.6,65.9
21.6,65.4
21.6,65.3
21.6,65.9
21.6,65.3
21.6,65.3
21.6,65.3
21.6,65.2
21.6,65.3
21.6,65.2
21.6,65.3
21.6,65.9
21.7,65.3
21.6,65.3
21.6,65.2
21.6,65.2
21.6,65.2
21.6,65.2
21.6,65.2
21.6,65.6
21.6,65.1
21.6,65.0
21.6,65.0
21.6,65.6
21.6,65.6
21.6,65.6
21.6,65.7
21.6,65.1
21.6,64.9
21.6,65.0
21.6,65.5
21.6,65.4
21.6,65.3
21.6,64.9
21.6,65.0
21.6,64.9
21.6,65.1
21.6,65.5
21.6,65.1
21.6,65.0
21.6,65.6
21.6,65.7
21.6,65.0
21.6,65.7
21.6,65.7
21.6,65.1
21.6,65.2
21.6,65.3
21.6,65.3
21.6,65.7
21.6,65.2
21.6,65.2
21.6,65.3
21.6,65.3
21.6,65.2
21.6,65.2
21.6,65.3
21.6,65.2
21.6,65.8
21.6,65.2
21.7,65.8
21.6,65.2
21.6,65.2
21.6,65.1
21.6,65.7
21.6,65.2
21.6,65.1
21.7,65.7
21.7,65.7
21.6,65.7
21.7,65.7
21.7,65.8
21.7,65.7
21.6,65.2
21.6,65.2
21.6,65.2
21.7,65.2
21.7,65.3
21.7,65.3
21.7,65.2
21.7,65.2
21.7,65.9
21.7,65.2
21.6,65.8
21.7,65.8
21.7,65.2
21.7,65.7
21.7,65.2
21.7,65.7
21.7,65.5
21.7,64.9
21.7,65.5
21.7,64.8
21.7,64.9
21.6,64.9
21.7,65.5
21.7,64.8
21.7,65.4
21.7,64.7
21.6,65.4
21.7,64.7
21.6,65.3
21.6,64.7
21.7,64.7
21.7,64.7
21.6,64.7
21.6,64.7
21.6,65.4
21.6,64.8
21.6,64.8
21.7,64.9
21.7,64.9
21.7,64.9
21.6,64.9
21.7,65.5
21.6,65.0
21.7,65.0
21.7,65.0
21.7,65.0
21.6,65.7
21.7,65.0
21.6,65.5
21.7,65.0
21.6,64.9
21.7,65.1
21.7,65.0
21.6,65.0
21.7,65.0
21.6,65.7
21.7,64.9
21.7,65.0
21.7,65.0
21.7,65.0
21.7,65.5
21.7,65.6
21.7,64.9
21.7,65.5
21.7,64.9
21.7,64.8
21.6,64.7
21.7,65.3
21.7,64.7
21.7,64.7
21.7,64.8
21.7,65.4
21.7,64.9
21.6,64.8
21.6,64.8
21.7,64.7
21.6,64.7
21.6,64.8
21.7,64.7
21.7,64.8
21.6,65.5
21.6,64.8
21.7,64.8
21.6,64.7
21.6,64.7
21.6,64.7
21.6,64.8
21.6,64.9
21.6,64.8
21.6,65.5
21.6,65.5
21.6,65.0
21.7,64.8
21.6,64.9
21.7,65.6
21.6,64.8
21.7,64.9
21.7,64.9
21.7,65.5
21.7,64.9
21.7,64.9
21.7,65.5
21.7,64.9
21.7,65.5
21.7,64.8
21.7,64.8
21.7,64.8
21.7,64.8
21.7,64.8
21.7,64.7
21.7,64.7
21.7,64.7
21.7,64.8
21.7,65.4
21.7,64.8
21.7,64.8
21.7,64.8
21.7,64.8
21.7,64.8
21.7,64.8
21.7,65.5
21.7,64.8
21.7,64.8
21.7,64.8
21.7,64.8
21.7,64.9
21.7,64.8
21.7,64.7
21.7,64.8
21.7,64.8
21.7,64.8
21.7,64.8
21.7,64.8
21.7,64.7
21.7,65.3
21.7,64.8
21.7,64.9
21.7,64.9
21.7,64.7
21.7,64.8
21.7,64.8
21.7,64.8
21.7,65.4
21.7,64.7
21.7,64.8
21.7,64.8
21.7,64.7
21.7,64.8
21.7,65.4
21.7,64.8
21.7,65.4
21.7,64.7
21.7,64.7
21.7,64.7
21.7,64.8
21.7,64.7
21.7,64.7
21.7,64.8
21.7,64.7
21.7,65.4
21.7,64.6
21.7,65.4
21.7,64.7
21.7,64.7
21.7,65.3
21.7,64.6
21.7,64.7
21.7,64.7
21.7,64.8
21.7,64.7
21.7,65.3
21.7,64.7
21.7,64.7
21.7,64.7
21.7,64.7
21.7,64.7
21.8,65.3
21.7,65.4
21.7,64.6
21.8,64.7
21.8,64.7
21.7,65.4
21.8,64.7
21.8,64.7
21.8,64.7
21.8,64.7
21.8,64.7
21.8,64.6
21.8,64.6
21.8,64.6
21.8,64.6
21.8,65.3
21.8,64.6
21.8,64.7
21.8,64.6
21.8,64.6
21.8,64.6
21.8,64.7
21.8,64.6
21.8,65.2
21.8,64.6
21.8,65.2
21.8,64.6
21.8,64.6
21.8,64.6
21.8,64.6
21.8,64.6
21.8,64.6
21.8,65.2
21.8,64.6
21.8,64.5
21.8,64.5
21.8,64.5
21.8,64.6
21.8,64.6
21.8,65.2
21.8,65.1
21.8,64.6
21.8,64.5
21.8,64.4
21.8,64.4
21.8,64.3
21.8,64.9
21.8,64.8
21.8,64.2
21.8,64.3
21.8,64.3
21.8,64.4
21.8,64.4
21.8,64.9
21.8,65.1
21.8,65.1
21.8,64.4
21.8,64.5
21.8,64.5
21.8,64.4
21.8,64.4
21.8,64.5
21.8,64.5
21.8,65.1
21.8,64.5
21.8,64.6
21.8,64.5
21.8,64.5
21.8,64.5
21.8,65.2
21.8,64.4
21.8,64.5
21.8,64.5
21.8,64.4
21.8,64.5
21.8,65.1
21.8,64.4
21.8,64.4
21.8,64.4
21.8,64.5
21.8,64.4
21.8,64.4
21.8,64.4
21.8,64.5
21.8,64.4
21.8,65.0
21.8,64.5
21.8,64.5
21.8,64.5
21.8,64.5
21.8,64.5
21.8,64.5
21.8,64.6
21.8,64.5
21.8,64.5
21.8,64.5
21.8,64.5
21.8,64.6
21.8,64.5
21.8,64.5
21.8,64.5
21.8,64.5
21.8,65.1
21.8,64.5
21.8,64.5
21.8,64.5
21.8,64.5
21.8,64.5
21.8,64.5
21.8,65.2
21.8,64.5
21.8,65.2
21.8,65.3
21.8,64.5
21.8,64.6
21.8,64.6
21.8,64.6
21.8,65.2
21.8,65.2
21.8,64.5
21.8,64.5
21.8,65.1
21.8,64.5
21.8,65.2
21.8,64.5
21.9,64.5
21.8,64.5
21.8,64.5
21.8,64.4
21.8,64.5
21.8,64.5
21.8,64.4
21.8,65.1
21.8,64.5
21.8,64.5
21.8,65.1
21.8,64.4
21.8,65.2
21.8,65.1
21.8,65.2
21.8,64.5
21.8,64.5
21.8,64.6
21.8,64.6
21.8,65.1
21.8,65.2
21.8,64.5
21.8,64.4
21.8,64.5
21.8,64.5
21.8,64.4
21.8,64.5
21.8,64.4
21.8,64.5
21.8,64.4
21.8,64.5
21.8,64.5
21.8,65.2
21.8,65.1
21.8,64.5
21.8,64.5
21.8,64.4
21.8,64.5
21.8,64.5
21.8,65.1
21.8,64.5
21.8,64.6
21.8,64.5
21.8,64.5
21.8,64.5
21.8,64.5
21.8,65.1
21.8,65.0
21.8,65.1
21.8,64.5
21.8,64.5
21.8,64.5
21.9,64.4
21.8,64.5
21.8,64.4
21.8,64.5
21.9,64.5
21.8,64.4
21.8,64.5
21.8,64.5
21.8,64.4
21.9,65.0
21.8,64.9
21.9,64.3
21.8,65.0
21.9,64.4
21.8,64.4
21.8,64.4
21.8,64.4
21.8,65.0
21.9,64.5
21.9,64.5
21.9,65.1
21.8,64.5
21.9,64.5
21.8,64.5
21.9,64.5
21.9,64.5
21.9,64.5
21.9,64.5
21.9,64.5
21.9,64.5
21.9,64.5
21.9,64.5
21.9,65.2
21.9,65.1
21.9,65.1
21.9,64.5
21.9,64.5
21.9,64.5
21.9,65.2
21.9,64.5
21.9,65.1
21.8,64.5
21.9,64.5
21.9,65.2
21.9,64.5
21.9,64.5
21.9,64.4
21.9,65.1
21.9,64.4
21.9,64.5
21.9,65.1
21.9,64.5
21.9,64.5
21.9,64.5
21.9,64.5
21.9,64.5
21.9,65.2
21.9,64.5
21.9,64.6
21.9,64.5
21.9,64.5
21.9,65.1
21.9,64.4
21.9,64.4
21.9,64.4
21.9,64.4
21.9,64.5
21.9,65.1
21.9,64.4
21.9,64.4
21.9,64.3
21.9,64.3
21.9,64.2
21.9,64.3
21.9,64.2
21.9,64.2
21.8,64.2
21.9,64.2
21.9,64.2
21.9,64.9
21.9,64.2
21.8,64.3
21.9,64.3
21.8,65.0
21.9,64.3
21.8,64.3
21.9,64.4
21.8,64.4
21.8,64.4
21.9,64.5
21.9,64.4
21.9,64.4
21.9,64.4
21.9,64.4
21.9,64.4
21.9,64.5
21.9,64.4
21.9,64.4
21.9,64.5
21.9,64.4
21.9,64.4
21.9,64.4
21.9,64.4
21.9,64.5
21.9,64.4
21.9,64.4
21.8,65.0
21.9,64.4
21.9,64.9
21.9,65.0
21.9,65.0
21.9,65.0
21.8,64.3
21.8,64.3
21.8,64.3
21.8,65.0
21.8,64.3
21.8,64.4
21.8,64.4
21.9,64.4
21.9,64.4
21.9,64.4
21.8,64.4
21.8,65.1
21.8,64.4
21.9,64.4
21.8,64.4
21.8,64.4
21.9,64.3
21.8,64.4
21.8,64.4
21.8,64.4
21.8,65.1
21.8,64.4
21.9,64.5
21.9,64.4
21.8,64.4
21.8,64.4
21.8,65.0
21.8,64.4
21.8,64.4
21.8,64.4
21.8,64.4
21.8,64.4
21.8,64.4
21.8,64.4
21.8,64.4
21.8,64.4
21.9,64.4
21.8,65.1
21.8,64.4
21.8,64.4
21.8,65.1
21.8,64.5
21.8,64.4
21.9,64.5
21.8,64.4
21.8,64.4
21.8,64.5
21.8,65.0
21.8,64.4
21.8,64.4
21.9,64.4
21.8,65.1
21.9,64.4
21.9,64.5
21.8,64.5
21.9,64.4
21.8,64.4
21.8,64.3
21.8,65.0
21.8,65.0
21.8,64.3
21.8,65.0
21.8,65.0
21.8,65.1
21.8,64.5
21.8,64.3
21.8,64.3
21.8,64.4
21.8,64.3
21.8,64.4
21.8,65.0
21.8,65.0
21.8,64.3
21.8,65.0
21.8,65.0
21.8,65.0
21.8,64.4
21.8,64.5
21.8,64.5
21.8,64.5
21.8,64.5
21.8,64.4
21.8,65.2
21.8,64.5
21.8,64.5
21.8,64.5
21.9,64.4
21.8,64.5
21.9,64.5
21.8,64.5
21.8,64.4
21.9,64.4
21.8,64.5
21.9,64.5
21.8,64.5
21.8,64.4
21.8,65.0
21.8,64.4
21.8,65.1
21.9,65.1
21.8,64.4
21.8,64.4
21.8,65.1
21.8,64.5
21.9,64.4
21.8,64.5
21.8,64.5
21.8,65.1
21.8,64.5
21.9,64.4
21.9,64.5
21.9,64.5
21.8,64.5
21.9,64.5
21.8,65.1
21.9,65.1
21.8,64.5
21.9,64.5
21.9,64.4
21.9,64.4
21.9,64.4
21.8,64.5
21.8,64.4
21.9,64.5
21.9,64.4
21.9,64.5
21.8,64.4
21.8,65.0
21.9,65.1
21.8,64.4
21.8,64.5
21.9,64.4
21.8,64.4
21.9,64.4
21.9,64.4
21.9,65.1
21.9,65.2
21.9,64.5
21.9,65.2
21.9,64.5
21.9,64.4
21.9,64.4
21.9,65.1
21.9,64.4
21.8,65.1
21.9,64.4
21.9,64.4
21.9,65.0
21.9,65.0
21.9,64.4
21.9,64.5
21.9,64.4
21.9,64.4
21.9,64.5
21.9,64.4
21.9,64.5
21.9,64.4
21.9,64.4
21.9,64.4
21.8,65.1
21.9,65.0
21.9,65.1
21.8,65.1
21.9,64.5
21.9,64.4
21.9,64.4
21.9,64.4
21.9,64.5
21.9,64.4
21.9,64.4
21.9,64.5
21.9,64.4
21.9,64.4
21.9,65.1
21.9,64.4
21.9,65.0
21.9,64.4
21.9,64.3
21.9,64.3
21.9,64.3
21.9,64.3
21.9,64.3
21.9,64.2
21.9,65.0
21.9,64.3
21.9,64.3
21.9,64.4
21.9,64.3
21.9,65.0
21.9,65.0
21.9,64.4
21.9,65.1
21.9,64.4
21.9,64.3
21.9,64.4
21.9,64.3
21.9,64.4
21.9,64.4
21.9,64.3
21.9,64.3
21.9,64.3
21.9,64.8
21.9,64.3
21.9,64.9
21.9,64.2
21.9,64.2
21.9,64.2
21.8,64.9
21.9,64.2
21.9,64.8
21.9,64.8
21.9,64.9
21.9,64.8
21.9,64.3
21.9,64.3
21.8,64.3
21.9,64.3
21.9,64.9
21.9,64.3
21.9,64.4
21.9,64.3
21.9,64.4
21.8,64.3
21.9,64.3
21.9,64.4
21.9,64.3
21.8,64.3
21.9,64.3
21.9,65.0
21.9,64.4
21.8,64.3
21.9,65.0
21.9,64.3
21.9,64.3
21.8,64.3
21.9,64.4
21.8,64.3
21.9,64.3
21.8,64.2
21.8,64.3
21.8,65.0
21.9,65.0
21.8,65.0
21.9,64.3
21.9,64.9
21.8,64.3
21.8,64.5
21.9,64.4
21.9,65.0
21.8,65.1
21.9,64.5
21.9,64.4
21.9,65.1
21.9,64.4
21.9,64.4
21.8,64.5
21.9,64.4
21.9,64.5
21.9,64.5
21.9,64.4
21.9,64.4
21.8,64.4
21.9,65.0
21.9,65.0
21.9,64.4
21.9,64.3
21.9,64.4
21.9,64.3
21.9,64.4
21.9,64.4
21.8,65.0
21.9,64.3
21.8,64.3
21.9,64.9
21.9,64.4
21.9,64.3
21.9,64.3
21.9,64.3
21.9,64.3
21.9,65.0
21.9,65.0
21.9,64.4
21.9,64.3
21.9,64.3
21.8,64.3
21.9,64.3
21.9,64.3
21.9,65.0
21.9,64.3
21.8,64.3
21.9,64.4
21.9,64.3
21.9,64.4
21.9,64.3
21.9,64.3
21.9,64.3
21.9,64.3
21.8,64.9
21.8,64.3
21.9,64.3
21.9,64.3
21.9,64.4
21.9,64.3
21.9,64.4
21.9,64.4
21.9,65.0
21.9,64.4
21.9,65.0
21.9,64.3
21.8,64.4
21.9,64.3
21.9,64.3
21.8,64.3
21.8,65.0
21.9,64.4
21.8,64.4
21.9,64.3
21.9,64.3
21.9,64.3
21.8,65.0
21.9,64.3
21.9,64.5
21.9,65.1
21.9,64.4
21.9,64.4
21.9,64.3
21.8,64.4
21.9,64.4
21.8,64.4
21.9,64.3
21.9,64.3
21.8,64.3
21.9,64.3
21.8,64.9
21.9,64.3
21.9,64.3
21.9,65.0
21.9,64.3
21.9,64.9
21.8,64.3
21.9,64.2
21.9,64.2
21.8,64.2
21.8,64.2
21.8,64.8
21.8,64.3
21.8,64.2
21.9,64.3
21.8,64.3
21.8,64.2
21.8,64.3
21.8,65.0
21.8,64.9
21.8,64.3
21.8,64.3
21.8,64.4
21.8,64.4
21.8,64.4
21.8,64.5
21.8,64.5
21.8,65.1
21.8,64.4
21.8,64.4
21.8,64.4
21.8,64.4
21.8,65.1
21.8,64.4
21.9,64.5
21.9,64.5
21.8,64.5
21.8,64.4
21.8,64.4
21.8,65.0
21.8,65.0
21.8,65.0
21.9,64.4
21.8,65.0
21.9,64.3
21.8,64.9
21.8,64.4
21.8,64.3
21.8,64.3
21.8,64.3
21.8,64.4
21.8,64.4
21.8,64.3
21.8,64.3
21.9,64.4
21.8,64.3
21.8,64.4
21.8,64.2
21.8,64.2
21.8,64.2
21.8,64.8
21.8,64.1
21.8,64.0
21.8,63.9
21.9,63.9
21.9,63.9
21.9,63.8
21.8,64.5
21.9,63.7
21.8,63.7
21.8,63.7
21.9,63.7
21.9,63.7
21.9,63.7
21.8,63.7
21.8,63.7
21.8,64.3
21.8,64.4
21.8,64.4
21.8,63.7
21.8,63.7
21.8,64.4
21.8,64.5
21.8,63.7
21.8,63.9
21.8,63.9
21.8,63.8
21.8,64.5
21.8,63.9
21.8,63.9
21.8,63.9
21.8,63.9
21.8,64.0
21.8,64.6
21.8,64.0
21.8,64.1
21.8,64.7
21.8,64.7
21.8,64.0
21.8,64.1
21.8,64.8
21.8,64.1
21.8,64.2
21.8,64.1
21.8,64.8
21.8,64.2
21.8,64.1
21.8,64.1
21.8,64.2
21.8,64.8
21.8,64.2
21.8,64.8
21.8,64.2
21.8,64.8
21.8,64.2
21.8,64.8
21.8,64.2
21.8,64.2
21.8,64.2
21.8,64.3
21.8,64.2
21.8,64.8
21.8,64.2
21.8,64.2
21.8,64.3
21.8,64.9
21.8,64.2
21.8,64.2
21.8,64.2
21.8,64.1
21.8,64.2
21.8,64.2
21.8,64.1
21.8,64.2
21.8,64.1
21.8,64.2
21.8,64.1
21.8,64.1
21.8,64.1
21.8,64.2
21.8,64.1
21.8,64.8
21.8,64.1
21.8,64.2
21.8,64.1
21.8,64.2
21.8,64.3
21.8,64.2
21.8,64.7
21.8,64.1
21.8,64.1
21.8,64.0
21.8,64.7
21.8,64.7
21.8,64.1
21.8,64.1
21.8,64.1
21.8,64.7
21.8,64.1
21.8,64.1
21.8,64.8
21.8,64.2
21.8,64.3
21.8,64.8
21.8,64.2
21.8,64.8
21.8,64.2
21.8,64.3
21.8,64.2
21.8,64.2
21.8,64.2
21.8,64.2
21.8,64.3
21.8,64.2
21.8,64.2
21.8,64.2
21.8,64.2
21.8,64.2
21.8,64.8
21.8,64.1
21.8,64.1
21.8,64.2
21.8,64.2
21.8,64.9
21.8,64.9
21.8,64.2
21.8,64.4
21.8,64.2
21.8,64.3
21.8,64.3
21.8,64.8
21.8,64.9
21.8,64.2
21.8,64.3
21.8,64.4
21.8,64.4
21.8,64.2
21.8,64.8
21.8,64.2
21.8,64.1
21.8,64.2
21.8,64.1
21.8,64.0
21.8,64.1
21.8,63.9
21.8,64.0
21.8,64.0
21.8,64.0
21.8,64.7
21.8,64.7
21.8,64.0
21.8,64.1
21.8,64.1
21.8,64.8
21.8,64.1
21.8,64.2
21.8,64.2
21.8,64.2
21.8,64.9
21.8,64.3
21.8,64.9
21.8,64.3
21.8,64.2
21.8,64.3
21.8,64.3
21.8,64.9
21.8,64.2
21.8,64.2
21.8,64.2
21.8,64.1
21.8,64.2
21.8,64.1
21.8,64.2
21.8,64.2
21.8,64.1
21.8,64.1
21.8,64.1
21.8,64.1
21.8,64.1
21.8,64.1
21.8,64.8
21.8,64.1
21.8,64.0
21.8,64.1
21.8,64.8
21.8,64.1
21.8,64.1
21.8,64.1
21.8,64.1
21.8,64.2
21.8,64.9
21.8,64.2
21.8,64.9
21.8,64.9
21.8,64.3
21.8,64.2
21.8,64.3
21.8,64.3
21.8,64.9
21.8,64.9
21.8,64.3
21.8,64.2
21.8,64.2
21.8,64.3
21.8,64.3
21.8,64.9
21.8,65.0
21.8,64.9
21.8,64.3
21.8,64.2
21.8,64.2
21.8,64.2
21.8,64.3
21.8,64.9
21.8,64.8
21.9,64.3
21.8,64.3
21.8,64.9
21.8,64.8
21.8,64.2
21.9,64.2
21.8,64.1
21.8,64.2
21.8,64.1
21.8,64.1
21.8,64.1
21.8,64.2
21.8,64.2
21.8,64.2
21.8,64.2
21.8,64.2
21.8,64.7
21.8,64.1
21.8,64.1
21.8,64.1
21.8,64.1
21.8,64.7
21.8,64.0
21.8,64.1
21.8,64.8
21.8,64.7
21.8,64.7
21.8,64.1
21.8,64.1
21.8,64.1
21.8,64.7
21.8,64.1
21.8,64.0
21.8,64.1
21.8,64.1
21.8,64.1
21.8,64.1
21.8,64.1
21.8,64.0
21.8,64.0
21.8,64.0
21.8,64.1
21.8,64.1
21.8,64.1
21.8,64.1
21.8,64.1
21.9,64.7
21.9,64.1
21.8,64.2
21.8,64.0
21.9,64.1
21.9,64.0
21.9,64.0
21.9,64.1
21.8,64.0
21.9,64.1
21.9,64.0
21.9,64.0
21.9,64.0
21.9,64.0
21.9,64.0
21.9,64.1
21.9,64.1
21.9,64.7
21.9,64.7
21.9,64.7
21.9,64.0
21.9,64.0
21.9,64.0
21.9,64.7
21.9,64.0
21.8,64.0
21.9,64.0
21.9,64.7
21.9,64.0
21.9,64.0
21.9,64.0
21.9,64.0
21.9,64.0
21.9,64.1
21.9,64.0
21.9,64.1
21.9,64.1
21.9,64.1
21.9,64.1
21.9,64.1
21.9,64.0
21.9,64.0
21.9,64.1
21.9,64.1
21.9,64.7
21.9,64.1
21.9,64.1
21.9,64.6
21.9,64.7
21.9,64.0
21.9,64.0
21.9,64.1
21.9,64.0
21.9,64.0
21.9,64.0
21.9,64.0
21.9,64.0
21.9,64.6
21.9,64.0
21.9,64.0
21.9,64.7
21.9,64.1
21.9,64.8
21.9,64.1
21.9,64.8
21.9,64.2
21.9,64.1
21.9,64.8
21.9,64.1
21.9,64.1
21.9,64.1
21.9,64.1
21.9,64.1
21.9,64.7
21.9,64.2
21.9,64.1
21.9,64.1
21.9,64.7
21.9,64.0
21.9,64.1
21.9,64.0
21.9,64.0
21.9,64.0
21.9,64.1
21.9,64.1
21.9,64.1
21.9,64.0
21.9,64.7
21.9,64.1
21.9,64.8
21.9,64.8
21.9,64.1
21.9,64.0
21.9,64.2
21.9,64.1
21.9,64.2
21.9,64.2
21.9,64.2
21.9,64.9
21.9,64.2
21.9,64.3
21.9,64.2
21.9,64.9
21.9,64.2
21.9,64.2
21.9,64.2
21.9,64.2
21.9,64.3
21.9,64.9
21.9,64.2
21.9,65.0
21.9,64.2
21.9,64.2
22.0,64.1
21.9,64.2
21.9,64.2
21.9,64.2
22.0,64.8
22.0,64.2
22.0,64.2
22.0,64.2
22.0,64.3
22.0,64.2
22.0,64.1
22.0,64.2
22.0,64.2
22.0,64.2
22.0,64.1
22.0,64.8
22.0,64.2
22.0,64.8
22.0,64.7
22.0,64.1
22.0,64.7
22.0,64.1
22.0,64.0
22.0,64.1
22.0,64.0
22.0,64.0
22.0,64.0
22.0,64.0
22.0,64.1
22.0,64.7
22.0,64.6
22.0,64.1
22.0,64.1
22.0,64.0
22.0,64.7
22.0,64.6
22.0,64.6
22.0,63.9
22.0,63.8
22.0,63.8
22.0,63.7
22.0,63.7
22.0,63.8
22.0,63.7
22.0,63.7
22.0,63.7
22.0,63.8
22.0,64.4
22.0,63.8
22.0,63.8
22.0,63.8
22.0,63.8
22.0,63.9
22.0,63.9
22.0,64.6
22.0,63.9
22.0,63.9
22.0,63.9
22.0,63.9
22.0,64.6
22.0,63.8
22.0,63.9
22.0,63.9
22.0,63.8
22.0,64.4
22.0,64.4
22.0,63.6
22.0,63.6
22.0,63.6
22.0,63.6
22.0,63.6
22.0,63.6
22.0,63.7
22.0,63.6
22.0,63.6
22.0,63.6
22.0,63.5
22.0,64.1
22.0,63.5
22.1,63.3
22.1,63.3
22.1,63.9
22.1,63.1
22.1,63.1
22.1,63.0
22.1,63.7
22.1,63.1
22.1,63.8
22.1,63.1
22.1,64.0
22.1,63.9
22.1,63.3
22.1,64.0
22.1,63.4
22.1,63.4
22.1,63.5
22.1,63.4
22.1,64.0
22.1,63.3
22.1,63.9
22.1,63.3
22.1,64.0
22.1,64.0
22.1,63.2
22.1,63.3
22.1,63.2
22.0,63.2
22.1,63.2
22.1,63.2
22.0,63.2
22.1,63.9
22.1,63.3
22.1,63.3
22.1,63.3
22.1,63.9
22.1,63.3
22.1,63.9
22.1,63.9
22.1,63.3
22.1,63.3
22.1,63.3
22.0,63.2
22.0,63.3
22.0,64.0
22.0,63.2
22.1,63.3
22.0,63.3
22.0,63.3
22.0,63.2
22.0,63.3
22.0,63.2
22.0,63.3
22.0,63.2
22.0,63.3
22.0,63.2
22.0,63.3
22.0,63.3
22.0,63.3
22.0,63.3
22.0,63.3
22.0,63.4
22.1,63.3
22.0,63.2
22.0,63.1
22.0,63.8
22.0,63.2
22.0,63.8
22.0,63.2
22.0,63.8
22.0,63.1
22.0,63.8
22.1,63.8
22.0,63.9
22.0,63.8
22.0,63.2
22.0,63.2
22.0,63.2
22.0,63.9
22.0,63.3
22.0,63.2
22.0,63.3
22.0,63.3
22.0,63.3
22.0,63.3
22.0,63.4
22.0,63.9
22.0,63.3
22.0,63.3
22.0,63.3
22.0,63.4
22.0,63.4
22.0,63.4
22.1,63.3
22.0,63.4
22.0,63.5
22.0,63.4
22.0,63.4
22.0,63.4
22.0,63.4
22.0,63.5
22.0,63.4
22.0,63.4
22.0,63.5
22.0,63.4
22.1,63.5
22.0,64.1
22.0,63.5
22.0,63.4
22.0,63.6
22.0,63.5
22.0,63.5
22.0,63.6
22.0,63.5
22.0,64.1
22.0,63.5
22.1,64.2
22.1,63.6
22.0,63.6
22.1,64.2
22.0,63.6
22.1,64.4
22.1,63.6
22.1,63.6
22.1,63.7
22.1,63.6
22.1,64.4
22.1,64.3
22.1,63.6
22.1,63.7
22.1,63.7
22.1,63.7
22.1,63.6
22.1,63.6
22.1,63.7
22.1,63.6
22.1,63.7
22.0,63.7
22.1,63.7
22.1,64.3
22.1,63.6
22.1,63.7
22.1,63.6
22.1,63.6
22.1,63.7
22.1,63.7
22.1,63.7
22.1,64.4
22.1,64.4
22.1,63.7
22.1,64.4
22.1,63.6
22.1,63.7
22.1,64.4
22.1,64.4
22.1,63.7
22.1,63.7
22.1,63.7
22.1,63.7
22.1,63.7
22.1,63.8
22.1,63.8
22.1,64.4
22.1,63.7
22.1,63.7
22.1,63.7
22.1,64.4
22.1,63.8
22.1,63.7
22.1,63.8
22.1,63.8
22.1,64.4
22.1,63.7
22.1,63.7
22.1,63.7
22.1,63.7
22.1,63.7
22.1,63.7
22.1,64.2
22.1,63.7
22.1,63.7
22.1,63.7
22.1,63.7
22.1,63.7
22.1,64.3
22.1,63.6
22.1,63.6
22.1,63.6
22.1,63.6
22.1,64.3
22.1,63.6
22.1,63.7
22.1,63.5
22.1,63.6
22.1,63.5
22.1,63.6
22.1,63.4
22.1,64.2
22.1,63.4
22.1,63.5
22.1,64.2
22.1,64.1
22.1,63.5
22.1,63.5
22.1,64.2
22.1,64.1
22.1,64.3
22.1,64.2
22.1,63.5
22.1,64.2
22.1,63.6
22.1,63.6
22.1,63.6
22.1,63.5
22.1,63.5
22.1,63.5
22.1,63.5
22.1,63.6
22.1,63.5
22.1,64.2
22.1,64.2
22.0,63.6
22.0,63.5
22.1,63.6
22.1,63.7
22.1,63.6
22.1,63.6
22.1,64.3
22.1,63.7
22.1,63.6
22.1,63.6
22.1,64.2
22.1,63.6
22.1,64.3
22.1,63.6
22.1,64.1
22.1,63.4
22.1,63.3
22.1,63.3
22.1,63.3
22.1,63.3
22.1,63.3
22.1,63.2
22.1,63.9
22.1,63.3
22.1,63.2
22.1,63.3
22.1,63.3
22.1,63.4
22.1,63.3
22.1,63.3
22.1,63.3
22.1,63.3
22.1,63.4
22.1,64.0
22.1,63.3
22.1,63.3
22.0,63.3
22.0,63.4
22.0,63.4
22.1,63.4
22.0,63.4
22.0,63.4
22.0,63.4
22.0,63.5
22.0,63.4
22.0,64.1
22.1,63.5
22.0,64.1
22.0,63.4
22.1,63.4
22.0,64.1
22.0,63.5
22.1,63.5
22.0,64.1
22.0,63.4
22.0,64.0
22.0,64.0
22.1,64.1
22.0,63.3
22.0,63.3
22.0,63.4
22.0,64.1
22.0,63.4
22.0,63.4
22.0,63.3
22.0,63.4
22.0,63.4
22.0,63.4
22.0,63.4
22.0,63.4
22.0,64.0
22.0,63.4
22.0,63.3
22.0,64.1
22.0,63.4
22.0,64.0
22.0,63.3
22.0,63.3
22.0,63.4
22.0,63.4
22.0,63.4
22.0,63.4
22.0,63.4
22.0,64.1
22.0,63.5
22.0,64.1
22.0,64.1
22.0,63.5
22.0,63.4
22.0,64.1
22.0,64.1
22.0,63.5
22.0,63.4
22.0,63.5
22.1,63.5
22.0,63.5
22.0,63.4
22.0,63.4
22.0,64.1
22.0,63.4
22.0,64.0
22.0,63.5
22.0,63.4
22.0,63.5
22.0,63.4
22.0,63.4
22.0,63.4
22.0,63.4
22.0,63.4
22.0,63.4
22.0,63.4
22.0,63.5
22.0,63.4
22.0,63.4
22.0,63.5
22.0,63.5
22.0,64.1
22.0,63.5
22.0,63.5
22.0,63.6
22.0,64.2
22.0,63.6
22.0,63.6
22.0,63.6
22.0,63.6
22.0,63.7
22.0,64.2
22.0,64.3
22.0,63.6
22.0,64.4
22.0,63.6
22.1,64.3
22.1,63.7
22.1,64.3
22.1,64.3
22.1,63.6
22.0,63.7
22.1,63.6
22.1,63.6
22.1,63.6
22.1,63.7
22.0,63.7
22.1,63.7
22.1,63.7
22.1,64.2
22.1,63.7
22.1,64.3
22.1,63.7
22.1,63.7
22.1,63.6
22.1,63.7
22.1,63.6
22.1,63.6
22.1,63.6
22.1,63.5
22.1,63.6
22.1,63.7
22.1,63.6
22.1,63.6
22.1,63.6
22.1,63.6
22.1,63.7
22.1,64.4
22.1,63.6
22.1,64.3
22.1,64.3
22.1,63.7
22.1,63.7
22.1,63.7
22.1,64.3
22.1,63.6
22.1,63.6
22.1,63.7
22.1,64.3
22.1,63.7
22.1,64.3
22.1,64.4
22.1,63.6
22.1,63.6
22.1,63.6
22.1,64.1
22.1,63.4
22.1,63.4
22.1,63.4
22.1,64.1
22.1,63.3
22.1,63.4
22.1,63.3
22.1,63.9
22.1,63.2
22.1,63.3
22.1,63.3
22.1,63.2
22.1,63.2
22.1,63.9
22.1,63.3
22.1,63.4
22.1,63.3
22.1,64.0
22.1,63.2
22.1,63.3
22.1,64.0
22.1,63.4
22.1,63.9
22.1,63.3
22.0,63.8
22.0,63.2
22.0,63.2
22.0,63.2
22.0,63.9
22.0,63.3
22.0,63.2
22.0,63.9
22.0,63.2
22.0,63.3
22.1,63.3
22.0,64.0
22.0,63.2
22.0,63.2
22.0,63.2
22.0,63.2
22.0,63.2
22.0,63.2
22.0,63.2
22.0,63.9
22.0,63.8
22.1,63.1
22.0,63.1
22.1,63.1
22.1,63.0
22.1,63.1
22.1,63.2
22.1,63.9
22.1,63.3
22.1,63.4
22.1,64.0
22.1,63.3
22.0,63.3
22.1,63.2
22.1,63.9
22.1,63.2
22.1,63.2
22.0,63.7
22.1,63.1
22.1,63.1
22.0,63.0
22.0,63.1
22.1,63.7
22.0,63.0
22.0,63.8
22.0,63.7
22.0,63.2
22.0,63.8
22.0,63.2
22.0,63.2
22.0,63.4
22.0,63.4
22.0,63.4
22.0,63.4
22.0,64.1
22.0,63.4
22.0,63.9
22.0,63.2
22.0,63.8
22.0,63.1
22.0,63.0
22.0,63.0
22.0,63.0
22.0,63.0
22.0,63.0
22.0,63.1
22.0,63.8
22.0,63.2
22.0,63.1
22.0,63.2
22.0,63.2
22.0,63.8
22.0,63.1
22.0,63.1
22.0,63.1
22.0,63.0
22.0,63.6
22.0,63.0
22.0,62.9
22.0,62.9
22.0,62.9
22.0,62.9
22.0,63.0
22.0,63.0
22.0,62.9
22.0,63.0
22.0,63.0
22.0,63.7
22.0,63.7
22.0,63.0
21.9,63.1
21.9,63.7
22.0,63.8
22.0,63.8
21.9,63.7
22.0,63.1
21.9,63.2
21.9,63.2
22.0,63.2
22.0,63.2
21.9,63.9
22.0,63.2
21.9,63.3
21.9,63.3
22.0,64.0
21.9,63.3
21.9,63.4
22.0,63.3
21.9,63.4
22.0,64.0
21.9,64.1
21.9,63.5
21.9,63.5
21.9,63.5
21.9,63.5
21.9,64.3
21.9,63.6
21.9,63.7
22.0,63.7
21.9,63.7
21.9,63.7
21.9,63.6
21.9,63.6
21.9,63.7
21.9,63.7
22.0,63.7
22.0,63.7
22.0,63.7
22.0,63.8
22.0,64.5
22.0,63.9
22.0,64.5
22.0,63.9
22.0,63.8
22.0,63.9
22.0,64.5
22.0,63.9
22.0,63.9
22.0,64.5
22.0,63.9
22.0,63.8
22.0,63.9
22.0,63.9
22.0,63.8
22.0,63.9
22.0,63.9
22.0,64.6
22.0,64.1
22.0,64.1
22.0,64.1
22.0,64.2
22.0,64.9
22.0,64.2
22.0,64.2
22.0,64.3
22.0,64.3
22.0,64.2
22.0,64.3
22.0,64.3
22.0,64.3
22.1,65.0
22.1,64.3
22.1,64.4
22.1,65.1
22.1,64.4
22.1,65.2
22.1,64.4
22.1,64.4
22.1,64.4
22.1,64.4
22.1,64.4
22.1,64.4
22.1,64.4
22.1,64.4
22.1,64.5
22.1,64.5
22.1,65.2
22.1,64.6
22.1,65.2
22.1,64.7
22.1,64.8
22.1,64.8
22.1,64.8
22.1,64.7
22.1,64.8
22.1,65.4
22.1,64.8
22.1,64.8
22.1,64.7
22.1,64.8
22.1,64.7
22.1,65.4
22.2,64.8
22.2,64.8
22.1,65.3
22.2,64.7
22.2,64.5
22.2,65.3
22.2,64.6
22.2,64.7
22.2,65.3
22.2,65.3
22.2,65.3
22.2,65.4
22.2,65.3
22.2,64.7
22.2,65.3
22.2,65.3
22.2,64.7
22.2,64.7
22.2,64.7
22.2,65.4
22.2,64.7
22.2,64.7
22.2,64.7
22.2,64.8
22.2,65.5
22.3,65.0
22.3,64.9
22.3,64.8
22.3,65.4
22.3,64.8
22.3,65.3
22.3,64.7
22.2,64.6
22.3,64.6
22.3,65.1
22.3,64.5
22.3,64.6
22.3,64.6
22.3,64.5
22.3,64.6
22.3,65.2
22.3,65.2
22.3,64.6
22.3,64.5
22.3,64.4
22.3,64.4
22.3,64.4
22.3,64.4
22.3,64.4
22.3,64.3
22.3,64.9
22.3,64.4
22.3,64.4
22.3,64.4
22.3,65.0
22.3,64.6
22.3,64.5
22.3,65.1
22.3,64.5
22.3,64.5
22.3,64.5
22.3,64.6
22.3,65.2
22.3,64.6
22.4,64.7
22.3,64.6
22.3,64.8
22.4,64.7
22.3,64.7
22.3,64.7
22.4,64.6
22.4,65.4
22.3,64.7
22.3,64.7
22.3,65.4
22.4,64.8
22.3,64.6
22.3,64.5
22.3,65.1
22.3,64.5
22.3,64.3
22.3,64.1
22.3,64.1
22.3,64.0
22.3,64.6
22.3,64.0
22.3,64.6
22.3,64.1
22.3,64.7
22.2,64.1
22.2,64.0
22.2,64.0
22.2,64.1
22.2,64.8
22.2,64.2
22.2,64.3
22.2,64.3
22.2,64.4
22.2,64.4
22.2,64.5
22.2,64.5
22.2,64.6
22.2,64.6
22.2,64.7
22.2,64.7
22.3,65.4
22.2,64.7
22.2,64.8
22.2,64.8
22.2,64.9
22.3,64.8
22.2,64.8
22.2,64.8
22.2,64.8
22.3,64.8
22.3,64.8
22.3,65.4
22.3,64.8
22.3,64.8
22.3,64.8
22.3,64.8
22.3,64.8
22.3,65.4
22.3,65.5
22.3,64.7
22.3,64.8
22.3,64.8
22.3,64.8
22.3,65.5
22.3,64.7
22.3,65.4
22.3,64.6
22.3,64.6
22.3,64.6
22.3,65.1
22.3,65.1
22.3,64.5
22.3,64.5
22.3,65.0
22.3,64.4
22.3,65.2
22.3,64.4
22.3,64.5
22.3,65.0
22.3,64.4
22.3,65.1
22.3,64.5
22.3,65.1
22.3,65.1
22.3,64.5
22.3,65.3
22.3,64.6
22.3,64.5
22.3,64.5
22.3,64.5
22.3,65.2
22.3,64.5
22.3,65.2
22.3,64.7
22.3,64.6
22.3,64.6
22.3,65.2
22.3,65.3
22.3,64.7
22.3,64.7
22.3,64.8
22.3,64.8
22.3,65.4
22.3,65.4
22.3,65.4
22.3,64.8
22.3,64.8
22.3,64.8
22.3,65.5
22.3,64.8
22.3,64.8
22.4,64.8
22.3,64.9
22.3,65.4
22.3,65.6
22.3,64.9
22.3,65.0
22.3,65.6
22.4,65.6
22.4,64.9
22.4,65.5
22.3,65.0
22.4,65.1
22.4,65.6
22.3,65.0
22.4,65.6
22.4,64.9
22.4,65.0
22.4,65.0
22.4,65.0
22.4,65.7
22.4,65.6
22.4,65.1
22.4,65.0
22.4,65.5
22.4,65.4
22.4,64.9
22.4,64.8
22.4,65.3
22.4,65.4
22.4,65.5
22.4,65.4
22.4,65.4
22.4,65.3
22.4,65.4
22.4,64.7
22.4,64.7
22.4,64.7
22.4,65.2
22.4,64.6
22.4,65.2
22.4,65.2
22.4,64.6
22.4,65.3
22.4,65.3
22.4,64.7
22.4,65.2
22.4,64.5
22.4,65.0
22.4,64.3
22.4,64.3
22.4,64.7
22.4,64.2
22.4,64.3
22.5,64.9
22.4,64.3
22.4,65.0
22.4,65.0
22.4,64.5
22.4,64.5
22.4,64.5
22.4,64.4
22.4,64.8
22.4,64.1
22.5,64.6
22.4,64.1
22.4,64.5
22.4,64.5
22.4,64.1
22.4,64.1
22.4,64.0
22.4,64.1
22.4,64.5
22.4,64.6
22.4,64.5
22.4,64.2
22.4,64.6
22.4,64.6
22.4,64.7
22.4,64.8
22.4,64.2
22.4,64.3
22.4,64.4
22.4,64.9
22.4,64.8
22.4,64.4
22.4,64.4
22.4,64.5
22.4,64.4
22.4,64.5
22.4,65.1
22.4,64.5
22.4,64.6
22.4,65.0
22.4,64.5
22.4,65.1
22.4,65.1
22.4,65.0
22.4,65.0
22.4,64.5
22.4,64.6
22.4,64.6
22.4,64.6
22.4,64.6
22.4,64.4
22.4,64.5
22.4,64.5
22.4,65.0
22.4,64.5
22.4,64.4
22.4,65.0
22.4,64.6
22.4,64.5
22.4,65.1
22.4,64.6
22.4,64.7
22.4,64.7
22.4,65.2
22.4,64.8
22.4,64.7
22.4,64.8
22.4,65.2
22.4,65.3
22.4,65.3
22.4,64.7
22.4,64.7
22.4,65.4
22.4,65.2
22.4,65.3
22.4,64.8
22.4,64.8
22.4,64.8
22.4,65.4
22.4,65.4
22.4,65.3
22.4,64.8
22.4,64.9
22.4,64.7
22.4,64.7
22.4,65.3
22.4,64.7
22.4,64.7
22.4,64.7
22.4,64.8
22.4,64.8
22.4,65.2
22.4,64.6
22.4,64.5
22.4,64.6
22.4,65.1
22.4,65.2
22.4,64.5
22.4,65.2
22.4,64.7
22.4,64.6
22.4,65.3
22.4,64.8
22.4,64.8
22.5,64.7
22.4,65.3
22.4,65.3
22.4,65.4
22.5,65.4
22.4,64.7
22.4,64.8
22.4,65.4
22.4,64.8
22.4,64.8
22.4,64.7
22.5,64.7
22.5,64.6
22.4,64.6
22.4,64.6
22.4,64.7
22.4,64.6
22.4,64.6
22.5,64.5
22.5,65.1
22.5,65.1
22.4,65.2
22.4,65.1
22.5,64.6
22.5,64.6
22.5,64.7
22.5,64.8
22.5,64.7
22.5,64.7
22.5,64.7
22.5,65.2
22.5,65.2
22.5,64.7
22.5,65.1
22.5,64.7
22.5,65.1
22.5,64.7
22.5,65.1
22.5,64.7
22.5,65.1
22.5,64.6
22.5,65.0
22.5,65.0
22.5,64.5
22.5,64.5
22.5,65.1
22.5,65.1
22.5,64.7
22.5,65.1
22.5,64.7
22.5,65.2
22.5,65.3
22.5,65.3
22.5,64.8
22.5,64.8
22.5,64.8
22.5,64.8
22.5,65.3
22.5,64.8
22.5,64.8
22.5,65.3
22.5,65.2
22.5,64.6
22.5,65.0
22.5,64.3
22.5,64.9
22.5,64.8
22.5,64.7
22.5,64.3
22.5,64.8
22.6,64.9
22.5,65.0
22.5,64.3
22.5,64.6
22.6,65.0
22.5,64.5
22.6,65.0
22.6,64.4
22.6,64.5
22.6,64.5
22.6,65.0
22.5,64.9
22.5,64.4
22.5,64.5
22.5,64.3
22.5,64.8
22.5,64.3
22.5,64.2
22.5,64.1
22.5,64.6
22.5,64.2
22.5,64.3
22.5,64.2
22.5,64.6
22.5,64.1
22.5,64.7
22.5,64.1
22.5,64.8
22.5,64.2
22.5,64.3
22.5,64.4
22.5,64.8
22.5,64.7
22.5,64.3
22.5,64.5
22.5,64.1
22.5,63.9
22.5,63.9
22.5,64.4
22.5,64.5
22.5,64.1
22.5,64.2
22.5,64.3
22.5,63.7
22.5,63.6
22.5,63.5
22.5,64.0
22.5,63.7
22.5,64.1
22.5,64.0
22.5,63.6
22.5,63.6
22.5,64.1
22.5,64.1
22.5,63.8
22.5,64.2
22.5,64.2
22.5,63.8
22.5,64.2
22.6,64.3
22.5,64.3
22.5,64.4
22.5,64.5
22.5,64.6
22.5,64.7
22.5,64.2
22.5,64.3
22.5,64.7
22.5,64.8
22.5,64.3
22.5,64.7
22.5,64.1
22.5,64.7
22.5,64.8
22.5,64.7
22.5,64.7
22.5,64.6
22.5,64.9
22.5,64.8
22.5,64.3
22.5,64.2
22.5,64.8
22.5,64.9
22.5,64.8
22.5,64.1
22.5,64.3
22.5,64.4
22.5,64.2
22.5,64.3
22.5,64.9
22.5,64.7
22.5,64.2
22.5,64.7
22.5,64.0
22.5,64.2
22.5,64.7
22.5,64.2
22.5,64.1
22.5,64.1
22.5,64.2
22.5,64.8
22.5,64.3
22.5,64.2
22.5,64.7
22.5,64.3
22.5,64.4
22.5,64.3
22.5,64.2
22.5,64.8
22.5,64.3
22.5,64.7
22.5,64.2
22.5,64.2
22.5,64.3
22.5,64.2
22.5,64.8
22.5,64.2
22.5,64.8
22.5,64.3
22.5,64.3
22.5,64.3
22.4,64.2
22.5,64.7
22.5,64.2
22.5,64.7
22.5,64.2
22.5,64.7
22.5,64.6
22.5,64.1
22.5,64.1
22.5,64.0
22.4,64.0
22.4,64.1
22.4,64.1
22.5,64.6
22.4,64.0
22.4,64.5
22.4,64.5
22.5,64.6
22.4,64.1
22.4,64.1
22.4,64.1
22.4,64.6
22.4,64.2
22.4,64.0
22.4,64.0
22.4,64.1
22.4,64.0
22.4,64.1
22.4,64.0
22.4,64.0
22.4,64.6
22.4,64.0
22.4,64.0
22.4,64.6
22.4,64.7
22.4,64.0
22.4,64.7
22.4,64.1
22.4,64.8
22.4,64.3
22.4,64.3
22.4,64.7
22.4,64.2
22.5,64.2
22.4,64.2
22.4,64.1
22.4,64.8
22.4,64.1
22.4,64.1
22.4,64.2
22.4,64.2
22.4,64.6
22.4,64.2
22.4,64.5
22.4,64.2
22.4,64.1
22.4,64.1
22.4,64.1
22.4,64.5
22.4,64.6
22.4,64.0
22.4,64.1
22.4,63.9
22.4,64.2
22.4,63.9
22.4,63.8
22.4,63.3
22.4,63.6
22.4,63.7
22.4,63.7
22.4,63.9
22.4,63.5
22.4,63.6
22.4,63.6
22.4,63.6
22.4,64.1
22.5,63.5
22.4,64.0
22.4,64.0
22.4,63.4
22.4,63.4
22.4,63.3
22.4,63.9
22.4,63.5
22.4,63.5
22.4,63.5
22.4,64.0
22.4,63.6
22.4,64.1
22.4,64.0
22.4,64.1
22.4,63.7
22.4,64.1
22.4,63.7
22.4,63.6
22.4,63.7
22.4,63.7
22.4,64.2
22.4,63.7
22.4,63.7
22.4,64.2
22.4,64.1
22.4,63.8
22.4,63.7
22.4,63.5
22.4,63.6
22.4,63.7
22.4,63.6
22.4,64.2
22.4,63.6
22.4,63.8
22.4,63.8
22.4,63.7
22.4,64.1
22.4,64.1
22.4,63.6
22.4,63.6
22.4,64.0
22.4,63.7
22.4,63.7
22.4,63.6
22.4,63.6
22.4,64.1
22.4,63.7
22.5,63.8
22.4,63.6
22.5,64.1
22.4,63.6
22.4,63.6
22.4,64.2
22.4,64.1
22.4,64.3
22.5,64.2
22.4,64.1
22.4,63.5
22.4,63.6
22.4,64.1
22.4,63.6
22.4,63.6
22.4,63.7
22.4,63.7
22.4,64.2
22.4,63.6
22.4,63.7
22.4,64.1
22.4,63.5
22.4,63.6
22.4,63.6
22.4,63.6
22.4,64.2
22.4,64.1
22.4,63.7
22.4,64.2
22.4,63.6
22.5,64.1
22.5,64.1
22.4,63.5
22.4,63.4
22.4,64.0
22.4,63.4
22.5,63.9
22.5,63.9
22.5,63.4
22.5,64.1
22.4,63.4
22.5,64.0
22.5,63.9
22.4,63.5
22.5,63.4
22.5,63.4
22.5,63.3
22.5,63.3
22.5,63.9
22.5,63.8
22.5,63.9
22.5,63.4
22.5,64.0
22.5,63.4
22.5,64.0
22.4,64.0
22.5,63.5
22.5,63.5
22.5,64.0
22.5,64.0
22.5,63.5
22.5,63.6
22.5,63.6
22.5,64.0
22.5,64.0
22.5,63.9
22.5,63.3
22.5,64.0
22.5,64.0
22.5,63.4
22.5,63.9
22.5,63.9
22.5,63.3
22.5,64.0
22.5,63.9
22.5,63.5
22.4,63.5
22.4,63.5
22.4,63.4
22.4,63.4
22.5,63.9
22.5,63.4
22.5,63.9
22.5,63.4
22.5,64.1
22.4,63.9
22.4,63.8
22.5,63.6
22.5,63.6
22.4,63.6
22.5,63.0
22.5,63.0
22.5,63.0
22.5,63.2
22.5,63.7
22.5,63.9
22.5,63.5
22.5,63.4
22.5,64.1
22.5,64.1
22.5,64.1
22.5,64.2
22.5,63.6
22.5,64.1
22.5,63.9
22.5,63.9
22.5,63.4
22.5,63.3
22.5,63.3
22.5,63.4
22.5,63.9
22.5,63.8
22.5,63.5
22.5,64.1
22.5,63.5
22.5,63.6
22.5,63.7
22.5,63.7
22.5,63.8
22.5,63.9
22.5,64.2
22.5,64.1
22.5,63.7
22.5,64.1
22.5,63.8
22.5,63.7
22.5,63.7
22.5,63.8
22.5,63.7
22.5,64.2
22.5,63.7
22.5,63.7
22.5,64.2
22.5,64.3
22.5,64.2
22.5,63.9
22.5,64.1
22.5,63.7
22.5,64.1
22.5,64.1
22.5,63.7
22.5,63.6
22.5,63.6
22.5,63.6
22.5,63.7
22.5,64.1
22.5,63.7
22.5,63.7
22.5,64.3
22.5,63.9
22.5,64.4
22.5,64.2
22.5,63.7
22.5,63.8
22.5,64.3
22.5,64.0
22.5,64.1
22.5,64.1
22.5,64.1
22.5,64.5
22.5,64.1
22.5,64.1
22.5,64.5
22.5,63.9
22.5,63.7
22.6,63.4
22.5,63.8
22.6,63.9
22.6,63.8
22.6,63.7
22.6,63.7
22.6,63.6
22.6,63.2
22.6,63.6
22.6,63.3
22.6,63.3
22.6,63.7
22.6,63.6
22.6,63.4
22.6,62.9
22.6,63.4
22.6,63.4
22.6,63.4
22.6,63.5
22.6,63.6
22.6,63.2
22.6,63.1
22.6,62.8
22.6,62.6
22.6,62.5
22.6,62.4
22.6,62.9
22.6,62.4
22.6,62.4
22.6,62.3
22.6,62.1
22.6,62.6
22.6,62.3
22.6,62.9
22.6,63.0
22.6,63.1
22.6,63.3
22.6,63.4
22.6,62.9
22.6,63.1
22.6,63.3
22.6,63.2
22.6,63.2
22.6,63.1
22.6,63.1
22.6,62.9
22.6,62.8
22.6,63.1
22.6,62.6
22.6,62.6
22.5,62.5
22.6,62.5
22.6,62.6
22.5,63.2
22.6,62.7
22.6,63.3
22.6,62.8
22.5,62.7
22.6,63.3
22.6,62.9
22.6,62.7
22.6,63.2
22.6,62.9
22.5,63.2
22.6,62.8
22.6,62.8
22.6,62.7
22.5,63.3
22.5,62.8
22.5,63.3
22.5,63.0
22.5,63.5
22.5,63.6
22.5,63.7
22.5,63.7
22.6,63.6
22.5,63.2
22.5,63.3
22.5,63.2
22.5,63.2
22.5,63.4
22.6,63.7
22.5,63.6
22.5,63.6
22.6,63.6
22.5,63.6
22.5,63.2
22.6,63.7
22.6,63.2
22.6,63.1
22.6,63.5
22.6,63.0
22.6,62.8
22.5,62.7
22.6,63.3
22.6,63.2
22.6,63.3
22.6,63.3
22.5,63.4
22.5,62.8
22.6,63.0
22.5,63.4
22.5,63.1
22.6,63.6
22.6,63.0
22.6,63.4
22.6,62.9
22.6,63.3
22.6,63.3
22.6,62.7
22.6,62.7
22.6,62.8
22.6,63.2
22.6,63.2
22.6,62.9
22.6,62.8
22.6,63.3
22.6,63.4
22.6,63.4
22.6,63.4
22.6,62.7
22.6,63.3
22.6,62.9
22.6,62.9
22.6,62.9
22.6,63.4
22.6,63.3
22.6,63.0
22.6,62.9
22.6,62.9
22.6,63.1
22.6,63.6
22.6,63.1
22.6,63.6
22.6,63.0
22.6,63.1
22.6,63.5
22.6,63.6
22.6,63.5
22.6,63.2
22.6,63.6
22.6,63.2
22.6,63.2
22.6,63.5
22.6,63.5
22.6,63.5
22.6,63.2
22.6,63.1
22.6,63.0
22.6,62.9
22.6,63.0
22.6,62.9
22.6,63.0
22.6,63.1
22.6,63.1
22.6,63.6
22.6,63.2
22.6,63.0
22.6,63.2
22.6,63.6
22.6,63.3
22.6,63.6
22.6,63.2
22.6,63.7
22.6,63.3
22.6,63.3
22.6,63.3
22.6,63.2
22.6,63.4
22.6,63.4
22.6,63.3
22.6,63.3
22.6,63.3
22.6,63.2
22.6,63.0
22.6,63.0
22.6,62.8
22.6,62.8
22.6,62.8
22.6,63.3
22.6,63.3
22.6,63.3
22.6,62.4
22.6,62.1
22.6,61.8
22.6,62.1
22.6,62.0
22.6,61.9
22.6,61.6
22.6,62.0
22.5,61.7
22.6,61.8
22.6,62.4
22.6,62.0
22.6,62.5
22.6,62.6
22.6,62.7
22.6,62.7
22.6,62.4
22.6,62.5
22.6,62.4
22.6,62.5
22.6,62.4
22.6,62.9
22.6,63.0
22.6,62.6
22.6,62.5
22.6,62.9
22.6,62.5
22.6,62.8
22.6,62.8
22.6,62.7
22.6,62.2
22.6,62.7
22.6,62.6
22.6,62.3
22.6,62.2
22.6,62.2
22.6,62.2
22.6,62.3
22.6,62.3
22.6,62.3
22.6,62.3
22.6,62.8
22.6,62.4
22.6,62.4
22.6,62.4
22.6,62.9
22.6,62.9
22.6,62.8
22.6,62.4
22.6,62.4
22.6,62.3
22.6,62.3
22.6,62.3
22.6,62.8
22.6,62.4
22.6,62.5
22.6,63.1
22.6,62.6
22.6,63.2
22.6,63.1
22.6,63.0
22.6,63.1
22.6,63.0
22.6,63.1
22.6,62.6
22.6,63.2
22.6,62.6
22.6,63.1
22.6,62.7
22.6,62.6
22.6,62.6
22.6,63.0
22.6,63.0
22.6,62.6
22.6,62.5
22.6,63.1
22.6,62.6
22.6,63.0
22.6,63.1
22.6,62.7
22.6,62.7
22.6,62.7
22.6,62.7
22.6,63.1
22.6,63.0
22.6,62.5
22.6,62.6
22.6,62.5
22.6,62.5
22.6,62.9
22.6,62.9
22.6,63.0
22.6,62.6
22.6,63.1
22.5,63.0
22.5,62.7
22.5,62.7
22.5,62.7
22.5,62.6
22.5,63.3
22.5,62.6
22.5,62.8
22.5,62.7
22.5,62.6
22.5,62.7
22.5,62.7
22.5,62.3
22.5,62.2
22.5,62.6
22.5,62.5
22.5,62.5
22.5,62.4
22.4,61.9
22.4,62.0
22.4,62.4
22.4,61.8
22.4,62.4
22.4,61.9
22.4,61.9
22.4,61.9
22.4,62.2
22.4,62.0
22.4,61.9
22.4,61.3
22.4,61.9
22.4,62.0
22.4,62.1
22.4,61.7
22.4,61.8
22.4,61.9
22.4,61.8
22.4,61.9
22.4,62.3
22.4,62.4
22.4,62.3
22.4,61.8
22.4,61.8
22.4,62.3
22.4,62.2
22.4,61.8
22.3,61.8
22.3,62.5
22.4,61.9
22.3,61.8
22.3,62.4
22.3,62.4
22.3,61.9
22.3,62.5
22.3,62.1
22.3,62.0
22.3,62.1
22.3,62.7
22.3,62.2
22.3,62.5
22.3,62.7
22.3,62.0
22.3,62.5
22.3,62.4
22.3,61.8
22.3,62.5
22.3,62.0
22.3,61.9
22.3,61.9
22.3,62.6
22.3,62.4
22.3,61.7
22.2,61.8
22.3,62.5
22.3,62.2
22.2,62.0
22.2,61.9
22.3,61.8
22.2,61.9
22.2,62.7
22.2,62.0
22.3,61.9
22.2,61.6
22.2,61.8
22.3,60.7
22.3,60.4
22.2,59.9
22.3,60.3
22.3,60.3
22.3,59.6
22.3,59.7
22.3,59.8
22.3,59.9
22.3,60.7
22.3,60.6
22.3,60.1
22.3,60.6
22.3,60.8
22.3,60.3
22.3,60.8
22.3,60.1
22.3,59.9
22.3,59.6
22.3,59.3
22.3,59.3
22.4,59.8
22.3,59.2
22.4,59.5
22.4,58.6
22.4,58.5
22.4,59.2
22.4,59.1
22.4,58.4
22.4,59.0
22.4,58.9
22.4,58.4
22.4,58.4
22.4,59.1
22.4,59.1
22.5,59.0
22.5,58.5
22.5,58.5
22.5,58.6
22.5,59.2
22.5,58.9
22.5,58.9
22.5,59.3
22.5,58.7
22.5,58.4
22.5,58.3
22.5,58.3
22.5,59.1
22.5,58.8
22.5,58.7
22.5,59.3
22.5,59.2
22.5,58.8
22.5,59.3
22.5,59.0
22.5,58.3
22.5,58.1
22.5,58.1
22.5,58.0
22.5,58.4
22.5,57.8
22.5,58.4
22.5,57.8
22.5,57.7
22.5,57.8
22.5,57.9
22.5,58.2
22.5,58.5
22.5,59.0
22.5,58.7
22.5,58.7
22.4,59.2
22.4,59.3
22.5,59.4
22.4,58.8
22.4,59.1
22.4,59.1
22.4,59.6
22.4,59.4
22.4,58.8
22.4,58.9
22.4,59.5
22.4,59.1
22.4,59.8
22.4,59.3
22.4,59.3
22.3,59.2
22.4,59.9
22.3,60.1
22.3,60.1
22.4,60.1
22.3,60.3
22.3,59.9
22.3,60.0
22.3,60.3
22.3,60.9
22.3,60.9
22.3,61.0
22.3,60.8
22.3,60.6
22.3,59.9
22.3,60.4
22.3,60.5
22.3,60.6
22.3,60.7
22.3,60.3
22.3,60.9
22.3,60.0
22.2,59.9
22.3,60.4
22.3,59.4
22.3,59.1
22.3,59.0
22.3,58.9
22.3,58.8
22.3,58.9
22.3,59.7
22.3,59.1
22.3,59.6
22.3,59.1
22.3,59.2
22.3,59.7
22.3,59.8
22.3,60.0
22.3,59.7
22.3,59.6
22.3,60.1
22.3,59.6
22.3,59.7
22.3,60.3
22.3,59.9
22.3,60.6
22.2,60.7
22.2,60.3
22.3,60.9
22.2,60.9
22.2,61.1
22.2,60.8
22.2,60.4
22.2,60.2
22.2,60.8
22.2,60.2
22.2,60.2
22.2,60.3
22.2,60.2
22.2,60.1
22.2,60.0
22.2,60.7
22.2,59.9
22.2,59.7
22.2,59.7
22.2,60.0
22.2,59.9
22.2,59.1
22.2,59.3
22.2,58.7
22.2,58.7
22.2,59.3
22.2,58.8
22.3,58.7
22.3,58.8
22.3,58.5
22.3,59.1
22.4,59.1
22.5,58.5
22.5,58.8
22.6,58.2
22.6,58.5
22.6,58.8
22.6,59.0
22.6,59.2
22.5,59.8
22.5,59.3
22.5,59.2
22.5,59.1
22.5,59.6
22.5,58.9
22.5,58.8
22.5,59.0
22.4,58.2
22.4,58.6
22.4,57.9
22.4,58.3
22.4,58.0
22.4,58.8
22.4,58.4
22.4,58.4
22.4,58.6
22.4,58.3
22.4,58.8
22.3,58.7
22.4,57.9
22.3,57.7
22.3,57.6
22.3,57.6
22.3,58.1
22.3,58.1
22.3,58.0
22.3,57.9
22.3,58.0
22.3,57.9
22.3,57.5
22.3,58.0
22.3,58.2
22.3,58.3
22.3,57.6
22.3,58.4
22.3,57.7
22.3,58.3
22.3,58.2
22.3,57.7
22.3,57.6
22.3,57.7
22.3,57.8
22.3,57.8
22.3,57.8
22.3,57.7
22.3,57.6
22.3,57.5
22.3,57.5
22.3,57.4
22.3,58.0
22.3,57.5
22.3,58.0
22.3,57.9
22.2,57.2
22.3,57.1
22.2,57.5
22.2,57.0
22.2,57.0
22.2,57.0
22.2,57.8
22.2,57.1
22.2,57.9
22.2,57.8
22.2,57.9
22.2,57.2
22.2,57.3
22.2,57.3
22.2,58.0
22.2,57.9
22.2,57.4
22.2,57.5
22.2,58.4
22.1,57.9
22.1,58.8
22.1,58.2
22.1,58.2
22.1,58.4
22.1,59.0
22.1,58.2
22.1,58.8
22.1,57.9
22.1,57.9
22.1,57.9
22.1,57.8
22.1,57.8
22.1,57.9
22.1,58.0
22.1,58.7
22.1,58.0
22.1,58.0
22.1,58.0
22.1,58.7
22.1,58.0
22.1,58.0
22.1,58.0
22.1,58.0
22.1,57.9
22.1,58.6
22.1,57.9
22.0,57.8
22.1,57.7
22.0,57.7
22.0,57.8
22.0,57.7
22.0,57.8
22.0,57.8
22.0,58.7
22.0,58.0
22.0,58.6
22.0,58.8
22.0,58.2
22.0,58.3
22.0,58.3
22.0,58.3
22.0,58.3
22.0,58.3
22.0,58.4
22.0,58.4
22.0,58.3
22.0,58.2
22.0,59.0
22.0,59.0
22.0,58.3
22.0,58.5
22.0,59.3
22.0,58.8
22.0,58.9
22.0,58.9
22.0,59.4
22.0,58.6
22.0,58.5
22.0,59.2
22.0,58.7
22.0,58.9
22.0,59.0
22.0,59.1
22.0,59.3
22.0,59.5
22.0,59.6
22.0,59.6
21.9,59.7
21.9,60.2
21.9,59.2
21.9,59.1
21.9,59.6
21.9,58.9
21.9,59.5
21.9,59.3
21.9,58.6
21.9,58.6
21.9,58.6
21.9,58.5
21.9,58.6
21.9,58.6
21.9,58.6
21.9,58.6
21.9,58.6
21.9,58.6
21.9,58.6
21.9,58.5
22.0,58.5
22.0,59.2
22.0,58.4
22.0,59.1
22.0,58.4
22.0,58.3
22.0,58.2
21.9,58.7
21.9,58.7
21.9,58.1
21.9,57.9
21.9,57.8
21.9,57.9
21.9,58.6
21.9,57.9
21.9,57.8
21.9,57.9
21.9,58.0
21.9,58.6
21.9,58.0
21.9,58.0
21.9,58.1
21.8,58.7
21.9,57.9
21.9,58.5
21.8,57.8
21.8,57.8
21.8,57.8
21.8,58.3
21.8,57.9
21.8,58.6
21.8,58.0
21.8,58.0
21.8,58.7
21.8,58.1
21.8,58.7
21.8,58.0
21.8,58.6
21.8,58.0
21.7,58.0
21.7,58.1
21.8,58.1
21.7,58.2
21.8,58.7
21.7,57.9
21.7,58.5
21.7,58.0
21.7,58.0
21.7,58.6
21.7,58.1
21.7,58.1
21.7,58.2
21.7,58.3
21.7,58.3
21.7,58.3
21.7,59.0
21.7,58.3
21.7,58.4
21.7,58.4
21.7,59.1
21.7,59.1
21.7,58.6
21.7,58.7
21.8,58.8
21.7,59.6
21.7,59.0
21.7,59.7
21.7,59.7
21.7,59.0
21.7,58.9
21.7,59.6
21.8,58.9
21.7,58.9
21.7,58.8
21.7,58.7
21.8,59.2
21.7,58.7
21.8,58.6
21.8,58.6
21.8,58.6
21.8,58.6
21.8,58.5
21.8,59.1
21.8,58.5
21.8,58.4
21.8,58.3
21.8,58.3
21.8,58.1
21.8,58.2
21.8,58.7
21.8,58.7
21.8,58.2
21.8,58.8
21.8,58.8
21.8,58.9
21.8,58.8
21.9,58.2
21.8,58.3
21.8,58.2
21.9,58.2
21.9,58.9
21.9,58.4
21.8,58.5
21.8,58.7
21.8,59.4
21.8,59.4
21.8,58.7
21.8,58.7
21.8,58.8
21.8,58.7
21.8,58.7
21.8,58.7
21.8,58.7
21.8,58.6
21.8,58.7
21.8,59.3
21.8,58.8
21.8,58.7
21.8,59.4
21.8,58.7
21.8,59.4
21.8,58.6
21.8,59.2
21.8,58.5
21.8,59.2
21.8,58.4
21.7,58.4
21.8,58.5
21.7,59.2
21.7,59.3
21.7,58.8
21.7,58.9
21.7,58.8
21.7,58.8
21.7,59.4
21.8,59.4
21.8,58.8
21.8,59.4
21.8,58.8
21.8,58.8
21.8,59.4
21.8,58.7
21.8,59.4
21.8,58.8
21.8,59.5
21.8,58.9
21.8,58.8
21.8,58.9
21.8,58.9
21.9,58.8
21.9,59.6
21.9,58.9
21.9,59.5
21.9,58.9
21.9,58.9
21.9,59.6
21.9,59.6
22.0,59.7
21.9,59.6
22.0,58.9
22.0,58.8
22.0,59.0
22.0,58.9
22.0,58.9
22.0,58.9
22.0,58.9
22.0,58.9
22.0,58.9
22.0,58.9
22.0,59.5
22.0,58.9
21.9,58.8
21.9,59.6
21.9,58.8
21.9,59.5
21.9,58.9
21.9,58.9
21.9,58.9
22.0,58.9
22.0,59.6
22.0,59.7
22.0,59.1
22.0,59.8
22.0,59.1
22.0,59.8
22.0,59.3
22.0,59.2
22.0,60.0
21.9,59.3
21.9,60.0
22.0,59.4
22.0,59.4
21.9,59.5
21.9,59.4
21.9,59.5
21.9,59.5
21.9,59.5
21.9,60.1
21.9,59.4
21.9,60.0
21.9,59.4
21.9,60.1
22.0,59.4
21.9,59.4
21.9,59.3
21.9,60.1
21.9,59.6
21.9,60.3
21.9,59.7
21.9,60.3
21.9,60.3
21.9,59.5
21.9,59.5
21.9,59.6
21.9,59.7
21.9,59.8
21.9,59.8
21.9,60.6
21.9,59.9
21.9,59.9
21.9,59.9
21.9,59.9
21.9,59.9
21.9,59.8
21.9,59.9
21.9,60.5
21.9,60.5
21.9,59.8
21.9,59.8
21.9,60.3
21.8,59.4
21.8,59.4
21.8,59.3
21.8,59.4
21.8,60.0
21.8,59.5
21.8,59.4
21.8,59.4
21.8,59.4
21.8,59.4
21.8,59.4
21.8,60.1
21.9,59.3
21.9,60.1
21.9,59.4
21.9,59.3
21.9,60.0
21.9,59.4
21.9,59.5
21.9,59.5
21.9,59.5
21.9,59.5
21.9,59.5
21.9,60.1
21.9,59.3
21.9,59.3
21.9,59.9
21.9,59.9
21.9,59.2
21.9,59.3
21.9,59.3
21.9,60.0
21.9,59.3
21.9,59.3
21.9,59.2
21.9,59.2
21.9,59.1
21.9,59.1
21.9,59.1
22.0,59.2
22.0,59.3
22.0,60.0
22.0,59.2
22.0,59.2
22.0,59.2
22.0,59.8
22.0,59.0
22.0,59.2
22.0,59.1
22.0,59.6
22.0,59.7
22.0,59.0
22.0,59.0
22.0,59.0
22.0,59.0
22.0,59.0
22.0,58.9
22.0,58.8
22.0,58.9
22.0,58.8
22.0,58.9
22.0,58.9
22.0,59.7
22.0,59.7
22.0,59.1
22.0,59.2
22.0,59.8
22.0,59.2
21.9,59.2
21.9,59.2
21.9,59.2
22.0,59.4
22.0,59.4
22.0,60.0
22.0,59.4
21.9,59.3
21.9,59.3
21.9,59.9
21.9,59.2
21.9,59.3
22.0,59.9
21.9,59.3
21.9,59.9
21.9,59.4
21.9,59.5
21.9,59.5
21.9,60.2
21.9,60.3
21.9,59.5
21.9,59.5
21.9,60.2
21.9,60.2
21.9,60.3
21.9,60.3
21.9,60.3
21.9,59.6
21.9,59.6
21.9,59.6
21.9,60.3
21.9,60.3
21.9,60.4
21.9,59.7
21.9,59.7
21.9,59.6
21.9,60.3
21.9,59.6
21.9,60.2
21.9,60.2
21.9,59.6
21.9,60.2
21.9,60.2
21.9,60.3
21.9,59.6
21.9,60.3
21.9,59.5
21.9,59.5
21.9,60.2
21.9,59.6
21.9,60.3
21.9,59.6
21.9,60.3
21.9,59.7
21.9,60.4
21.9,59.8
21.9,59.7
21.9,59.7
21.9,60.3
21.9,59.7
21.9,59.6
21.9,60.4
21.9,59.6
21.9,60.3
21.9,59.6
21.9,60.3
21.9,59.7
21.9,60.4
21.9,59.7
21.9,59.7
21.9,59.8
21.9,59.8
21.9,59.8
21.9,60.4
21.9,60.4
21.9,59.6
21.9,59.5
21.9,59.5
21.9,59.4
21.9,59.4
22.0,59.4
21.9,59.4
22.0,59.5
21.9,59.4
22.0,59.3
22.0,59.2
22.0,59.2
22.0,59.2
22.0,59.8
22.0,59.1
22.0,59.1
22.0,59.0
22.0,59.0
22.0,59.1
22.0,59.0
22.0,59.1
22.0,59.8
22.0,59.9
22.0,59.2
22.0,59.1
22.0,59.8
22.0,59.7
22.0,59.1
22.0,59.7
22.0,59.2
22.0,59.2
22.0,59.1
22.0,59.1
22.0,59.0
22.0,59.7
22.0,58.9
22.0,59.5
22.0,58.9
22.0,58.9
22.0,59.0
22.0,58.9
22.0,58.9
22.0,58.9
22.0,58.8
22.1,58.7
22.0,58.7
22.1,58.6
22.1,59.4
22.1,59.3
22.1,59.5
22.1,59.5
22.1,58.8
22.1,58.8
22.1,58.8
22.0,58.7
22.0,58.6
22.1,58.5
22.1,58.5
22.1,58.3
22.1,58.3
22.1,58.2
22.1,58.3
22.1,59.0
22.1,58.4
22.1,58.4
22.1,58.5
22.1,58.6
22.1,58.6
22.1,58.7
22.1,59.3
22.1,58.6
22.1,58.6
22.1,59.3
22.0,58.6
22.1,58.6
22.1,58.5
22.0,58.5
22.1,58.6
22.1,58.7
22.1,59.4
22.0,59.4
22.1,58.7
22.0,58.7
22.0,59.3
22.1,58.6
22.0,59.1
22.1,58.4
22.0,59.1
22.1,58.4
22.1,59.1
22.1,59.0
22.1,58.4
22.1,58.2
22.1,59.0
22.1,58.2
22.1,59.0
22.1,58.4
22.1,59.0
22.1,58.4
22.1,58.3
22.1,58.4
22.1,58.4
22.1,58.4
22.1,58.3
22.1,58.2
22.1,57.9
22.1,58.5
22.1,57.7
22.1,57.7
22.1,57.7
22.1,58.4
22.1,57.7
22.1,57.8
22.1,58.4
22.1,57.8
22.1,58.4
22.1,58.3
22.1,58.2
22.1,57.4
22.1,58.0
22.1,58.0
22.1,58.0
22.1,57.3
22.1,58.0
22.1,57.5
22.2,57.5
22.2,57.6
22.2,57.7
22.2,57.7
22.1,58.4
22.1,57.7
22.1,58.5
22.1,58.0
22.1,58.1
22.1,58.1
22.1,58.1
22.1,58.1
22.1,58.2
22.1,58.9
22.1,58.2
22.1,59.0
22.1,58.4
22.0,58.4
22.0,58.4
22.0,58.3
22.1,58.4
22.0,58.3
22.0,58.4
22.0,58.4
22.0,58.4
22.0,58.4
22.0,58.2
22.0,58.3
22.0,58.2
22.0,58.3
22.0,58.9
22.0,58.8
22.0,58.2
22.0,58.2
22.0,58.2
22.1,58.2
22.0,58.7
22.0,58.2
22.1,58.1
22.1,58.7
22.0,58.5
22.0,58.4
22.0,57.7
22.0,57.7
22.0,57.8
22.1,58.3
22.0,57.5
22.0,58.0
22.0,57.3
22.0,57.2
22.0,57.8
22.0,57.2
22.0,57.2
22.0,57.2
22.0,57.3
22.0,57.4
22.0,58.2
22.0,58.3
22.0,58.3
22.0,58.5
22.0,57.8
22.0,58.4
22.0,57.7
22.0,57.6
22.0,57.6
22.0,58.2
22.0,58.1
22.0,57.9
22.0,57.1
22.0,57.1
22.0,56.9
22.0,56.9
22.0,56.8
22.0,56.9
22.0,57.0
22.0,57.7
22.0,57.9
22.0,57.3
22.0,57.4
22.0,57.5
22.0,58.2
22.0,57.5
22.0,58.2
22.0,57.5
22.0,57.5
21.9,58.3
21.9,57.8
21.9,58.0
21.9,58.0
21.9,58.0
21.9,58.1
21.9,58.1
21.9,58.7
21.9,58.8
21.9,58.0
21.9,58.8
21.9,58.6
21.9,58.5
22.0,57.8
21.9,57.9
22.0,57.9
21.9,57.8
22.0,57.8
21.9,57.7
21.9,58.5
21.9,58.0
22.0,58.7
21.9,58.1
21.9,58.2
21.9,58.3
21.9,58.4
21.9,58.5
21.9,58.6
21.9,59.4
21.9,58.9
21.9,59.7
21.9,59.1
21.9,59.1
21.9,59.0
21.9,59.0
21.9,59.0
21.9,59.5
21.9,59.4
21.9,58.6
21.9,59.3
21.9,58.8
21.9,59.0
21.9,59.7
21.9,59.1
21.9,59.2
21.9,59.2
21.9,59.9
21.9,59.2
21.9,59.2
21.9,59.3
21.9,59.3
21.9,59.3
21.9,60.0
21.9,59.4
21.9,59.4
21.8,59.3
21.8,59.2
21.8,59.0
21.8,59.0
21.8,59.0
21.8,59.2
21.8,59.1
21.8,60.0
21.8,59.3
21.8,59.1
21.8,59.0
21.8,59.8
21.8,59.7
21.8,59.1
21.8,59.2
21.8,59.2
21.8,59.2
21.8,60.0
21.8,59.8
21.8,59.1
21.8,59.1
21.8,59.9
21.8,59.2
21.8,59.1
21.8,59.2
21.8,59.8
21.8,59.1
21.8,58.9
21.8,58.9
21.8,59.6
21.8,59.6
21.8,59.5
21.8,58.8
21.8,58.9
21.8,58.9
21.8,59.0
21.8,59.0
21.8,58.9
21.8,58.9
21.8,59.0
21.8,59.0
21.8,59.7
21.8,59.5
21.8,59.0
21.8,59.0
21.8,59.0
21.8,59.1
21.8,59.2
21.8,59.3
21.8,60.0
21.8,59.4
21.8,59.4
21.8,59.5
21.8,59.6
21.8,59.6
21.8,59.7
21.8,60.3
21.8,59.8
21.8,59.7
21.8,59.8
21.8,59.8
21.8,59.8
21.8,59.8
21.8,59.7
21.8,60.2
21.8,59.5
21.8,59.4
21.8,59.5
21.8,60.1
21.8,59.5
21.8,59.5
21.8,59.5
21.8,59.2
21.8,58.9
21.8,58.5
21.8,58.4
21.8,58.2
21.8,58.2
21.8,58.1
21.8,58.8
21.8,58.2
21.8,58.4
21.8,58.6
21.8,58.8
21.8,58.6
21.8,58.9
21.8,58.7
21.8,57.8
21.8,58.4
21.8,57.7
21.8,58.2
21.8,57.4
21.8,57.3
21.8,57.1
21.8,57.0
21.8,56.9
21.8,57.6
21.7,56.9
21.8,57.0
21.8,57.9
21.8,57.3
21.8,57.2
21.8,57.3
21.8,57.3
21.8,57.1
21.9,57.1
21.9,57.8
21.9,57.1
21.9,57.2
21.9,57.2
21.9,57.9
21.9,57.3
21.9,58.2
21.9,58.4
21.9,57.8
21.9,57.8
21.9,58.5
21.9,57.7
21.9,57.6
21.9,58.4
21.9,57.9
21.9,58.0
21.9,58.1
21.9,58.9
21.9,58.4
21.9,58.4
21.9,58.3
21.9,58.0
21.9,57.9
21.9,58.5
21.9,57.7
21.9,57.6
22.0,57.6
22.0,57.4
22.0,57.9
22.0,57.3
22.0,58.2
22.0,57.6
22.0,57.7
22.0,58.6
22.0,58.0
22.0,58.2
22.0,58.3
22.0,58.3
22.0,59.0
22.0,58.4
22.0,58.4
21.9,58.5
22.0,58.5
21.9,58.5
21.9,59.1
21.9,58.3
21.9,58.2
21.9,58.1
21.9,58.0
21.9,57.9
21.9,58.0
21.9,57.7
21.9,57.5
21.9,57.2
21.9,57.6
21.9,56.6
21.9,56.6
22.0,56.6
22.0,56.5
21.9,56.5
22.0,56.6
22.0,56.6
22.0,56.7
22.0,57.6
22.0,57.6
22.0,56.9
22.0,57.5
22.0,56.8
21.9,56.9
22.0,57.9
22.0,57.4
22.0,57.5
21.9,57.7
21.9,57.8
21.9,58.5
21.9,58.0
21.9,57.8
21.9,57.6
21.9,57.4
21.9,57.3
21.9,57.2
21.9,57.2
21.9,57.1
21.9,57.2
21.9,57.3
21.9,57.6
21.9,57.8
21.9,57.8
21.9,57.8
21.9,57.9
21.9,57.9
21.9,57.9
21.9,58.0
21.9,58.1
21.9,58.8
21.9,58.6
21.9,57.8
21.9,58.4
21.9,57.5
21.9,58.0
21.9,57.3
21.9,57.9
21.9,57.2
21.9,57.0
21.9,56.8
21.9,57.5
21.9,56.7
21.9,56.7
21.9,56.9
21.9,57.8
21.9,57.0
22.0,56.9
21.9,56.8
22.0,56.6
22.0,56.6
22.0,56.4
22.0,56.4
22.0,56.4
22.0,56.4
22.0,56.4
22.0,56.3
22.0,56.4
22.0,56.4
22.0,56.3
22.0,57.1
22.0,56.4
22.0,56.7
22.0,57.5
22.0,57.5
22.0,57.3
22.0,56.5
22.1,56.2
22.0,56.1
22.1,55.9
22.0,56.2
22.1,55.3
22.1,55.0
22.1,55.0
22.1,55.0
22.0,55.0
22.1,55.8
22.1,56.0
22.1,55.5
22.1,55.5
22.1,56.1
22.1,56.0
22.1,55.5
22.0,56.4
22.1,56.6
22.1,56.8
22.0,56.5
22.0,56.6
22.0,56.8
22.0,56.9
22.0,57.1
22.0,57.3
22.0,58.0
22.0,57.3
22.0,57.3
22.0,58.1
22.0,57.4
22.0,57.4
22.0,57.4
22.0,57.4
22.0,58.0
21.9,57.1
22.0,57.0
21.9,56.6
21.9,56.3
22.0,56.2
22.0,56.0
22.0,55.9
21.9,55.8
22.0,55.8
22.0,55.8
22.0,55.8
22.0,55.8
22.0,55.8
22.0,56.0
22.0,56.1
22.0,56.1
22.0,56.0
22.0,56.0
22.0,55.9
22.0,56.4
22.0,55.9
21.9,56.1
22.0,57.0
22.0,56.5
22.0,57.5
21.9,57.0
21.9,57.6
21.9,56.7
21.9,56.3
21.9,56.7
21.9,55.9
21.9,55.7
21.9,55.7
21.9,56.3
21.9,55.5
21.9,55.5
21.9,55.4
21.9,55.3
21.9,56.1
21.9,56.1
21.9,56.1
21.9,55.5
21.9,56.3
21.9,55.6
21.9,55.5
21.9,55.5
21.9,56.2
21.9,56.2
21.9,55.7
21.8,55.7
21.8,56.5
21.9,55.7
21.8,55.7
21.9,56.3
21.8,55.7
21.8,55.5
21.8,55.5
21.8,55.2
21.8,55.3
21.8,55.2
21.8,56.1
21.8,55.3
21.8,55.3
21.8,55.3
21.8,55.4
21.8,55.4
21.8,55.4
21.8,55.5
21.8,55.5
21.8,55.6
21.8,55.6
21.8,55.7
21.8,56.4
21.8,55.7
21.8,55.7
21.8,55.7
21.8,55.9
21.8,56.0
21.8,56.0
21.8,55.9
21.8,55.8
21.8,55.6
21.8,55.5
21.8,55.5
21.7,55.5
21.8,55.5
21.8,55.6
21.7,55.5
21.7,55.4
21.8,56.1
21.8,56.2
21.7,55.5
21.8,55.6
21.8,55.5
21.8,55.6
21.8,55.6
21.8,55.6
21.8,55.6
21.8,55.6
21.8,55.7
21.8,55.7
21.8,55.7
21.8,55.7
21.7,56.3
21.8,55.7
21.7,56.3
21.8,56.3
21.7,55.5
21.8,55.6
21.8,55.5
21.7,55.5
21.7,55.6
21.7,56.2
21.8,56.2
21.7,55.6
21.7,55.5
21.8,55.4
21.7,55.4
21.8,55.4
21.8,56.1
21.7,55.4
21.8,55.5
21.7,55.5
21.7,56.2
21.7,55.6
21.7,55.7
21.7,55.7
21.7,55.8
21.7,55.6
21.7,56.4
21.7,55.7
21.7,55.7
21.7,55.5
21.7,55.5
21.7,56.2
21.7,55.5
21.7,56.2
21.7,55.4
21.7,55.5
21.7,55.5
21.7,55.4
21.7,56.0
21.7,56.0
21.7,55.3
21.7,55.4
21.7,55.4
21.7,55.5
21.6,56.2
21.6,56.2
21.6,55.6
21.6,55.5
21.6,56.3
21.6,56.3
21.6,56.4
21.6,56.2
21.6,55.8
21.6,55.9
21.6,56.4
21.6,56.0
21.6,55.9
21.6,55.9
21.6,56.0
21.6,56.1
21.6,56.1
21.6,56.7
21.6,56.3
21.6,56.9
21.6,56.3
21.6,56.8
21.6,56.2
21.6,56.8
21.6,56.2
21.6,56.1
21.6,56.8
21.6,56.9
21.6,56.3
21.6,56.4
21.6,56.9
21.6,56.4
21.6,56.9
21.6,57.1
21.6,57.1
21.6,56.5
21.6,56.6
21.6,57.1
21.6,56.4
21.6,57.1
21.6,57.1
21.6,56.9
21.6,56.4
21.6,56.4
21.6,56.4
21.6,57.0
21.6,56.4
21.6,57.1
21.6,57.1
21.6,56.5
21.6,56.5
21.6,56.5
21.6,56.4
21.6,56.4
21.6,56.4
21.6,56.4
21.6,57.1
21.6,56.6
21.6,56.5
21.6,57.3
21.6,56.5
21.6,56.5
21.6,57.1
21.6,56.6
21.6,56.5
21.6,56.5
21.6,57.3
21.6,56.6
21.6,56.7
21.6,56.7
21.6,56.7
21.6,56.6
21.6,56.7
21.6,56.7
21.6,56.6
21.6,56.6
21.6,57.3
21.6,57.3
21.6,56.5
21.6,56.6
21.6,56.7
21.6,57.3
21.6,56.6
21.6,57.3
21.6,57.2
21.6,56.6
21.6,56.6
21.6,56.5
21.6,56.5
21.6,56.5
21.6,56.5
21.6,56.6
21.6,57.3
21.6,56.6
21.6,56.7
21.6,56.7
21.6,56.8
21.6,56.9
21.6,57.0
21.6,57.7
21.6,56.9
21.6,56.7
21.6,56.6
21.6,56.5
21.5,57.0
21.6,57.0
21.6,56.3
21.6,56.4
21.6,56.5
21.6,56.3
21.6,56.4
21.6,56.4
21.6,57.1
21.6,56.5
21.6,56.5
21.6,56.6
21.5,56.6
21.6,56.7
21.6,57.4
21.6,57.4
21.6,56.8
21.6,56.8
21.6,56.9
21.6,56.9
21.6,57.6
21.6,57.1
21.6,57.1
21.6,57.2
21.6,57.4
21.6,58.0
21.6,57.4
21.6,57.3
21.6,58.0
21.6,58.1
21.6,57.5
21.6,58.1
21.6,58.1
21.6,57.5
21.6,57.5
21.6,57.4
21.6,57.5
21.6,58.0
21.6,57.4
21.6,57.9
21.6,57.4
21.6,57.3
21.6,57.3
21.6,57.5
21.6,57.3
21.6,57.9
21.6,58.0
21.6,57.5
21.6,57.4
21.6,57.4
21.6,58.1
21.6,58.3
21.6,57.5
21.6,57.3
21.6,57.8
21.6,57.7
21.6,57.2
21.6,57.2
21.6,57.4
21.6,58.1
21.6,57.4
21.6,57.4
21.6,57.4
21.6,57.4
21.6,57.3
21.6,57.4
21.6,57.4
21.6,57.4
21.6,57.5
21.6,58.1
21.6,57.5
21.6,57.6
21.6,57.7
21.6,57.7
21.6,57.9
21.5,58.6
21.6,58.0
21.6,58.8
21.6,58.3
21.6,58.4
21.6,58.3
21.6,58.3
21.6,58.3
21.6,58.3
21.5,58.6
21.5,57.9
21.5,58.4
21.5,57.8
21.5,57.8
21.6,57.8
21.5,57.7
21.5,57.7
21.5,58.3
21.6,57.6
21.5,57.7
21.6,57.8
21.5,58.0
21.6,57.9
21.6,58.6
21.6,57.9
21.5,57.8
21.6,58.3
21.5,58.3
21.6,57.7
21.5,58.2
21.5,58.3
21.5,57.7
21.5,57.9
21.6,58.6
21.5,58.1
21.5,58.8
21.6,58.7
21.5,58.3
21.5,58.2
21.5,58.2
21.5,58.1
21.5,58.4
21.5,57.8
21.5,58.5
21.5,57.8
21.5,58.0
21.5,57.9
21.5,58.0
21.5,57.9
21.5,58.5
21.5,57.8
21.5,57.7
21.5,57.7
21.5,57.8
21.5,58.3
21.5,57.9
21.5,58.5
21.5,57.9
21.5,58.6
21.5,57.9
21.5,57.7
21.5,57.8
21.5,58.2
21.5,57.6
21.5,57.5
21.5,57.5
21.5,57.5
21.5,57.5
21.5,57.5
21.5,57.5
21.5,58.2
21.5,57.5
21.5,57.5
21.5,57.6
21.5,57.6
21.5,57.6
21.5,58.4
21.5,57.9
21.5,58.2
21.5,57.7
21.5,57.5
21.5,57.4
21.5,57.9
21.5,57.3
21.5,57.2
21.5,57.3
21.5,57.4
21.5,57.4
21.5,57.4
21.5,57.3
21.5,58.0
21.5,57.9
21.5,57.3
21.5,57.4
21.5,58.0
21.5,58.0
21.5,58.1
21.5,58.1
21.5,58.1
21.5,57.6
21.5,57.4
21.5,57.2
21.5,57.6
21.5,57.3
21.5,56.5
21.5,56.4
21.5,56.3
21.4,56.8
21.4,56.2
21.4,56.4
21.4,56.9
21.5,56.4
21.4,57.0
21.4,57.0
21.4,56.6
21.4,56.9
21.4,56.7
21.4,56.8
21.5,57.3
21.4,56.9
21.4,57.5
21.4,56.9
21.4,57.0
21.4,57.6
21.4,57.1
21.4,57.6
21.4,57.0
21.4,57.0
21.4,57.1
21.4,57.6
21.4,57.0
21.4,57.5
21.4,57.0
21.4,57.5
21.4,57.0
21.4,57.6
21.4,57.1
21.4,57.6
21.4,57.0
21.4,56.9
21.4,57.4
21.4,57.0
21.4,56.8
21.4,56.8
21.4,56.8
21.4,56.7
21.4,57.4
21.4,56.9
21.4,56.9
21.4,56.8
21.4,57.3
21.4,57.3
21.4,56.8
21.4,56.8
21.4,57.3
21.4,57.3
21.4,57.3
21.4,57.2
21.4,56.8
21.4,57.3
21.4,57.0
21.4,57.1
21.4,57.2
21.4,57.2
21.4,57.4
21.4,57.5
21.4,57.6
21.4,57.6
21.4,57.8
21.4,57.8
21.4,57.9
21.4,58.3
21.4,57.9
21.4,58.4
21.4,58.1
21.4,58.0
21.4,58.0
21.4,58.0
21.4,57.9
21.4,58.4
21.4,57.7
21.4,57.7
21.4,57.4
21.4,57.4
21.4,57.9
21.4,57.9
21.4,57.5
21.4,57.8
21.4,58.2
21.4,57.9
21.4,58.3
21.4,57.8
21.4,58.3
21.4,57.7
21.4,57.7
21.4,57.7
21.4,57.9
21.4,58.3
21.4,57.7
21.4,57.7
21.4,57.5
21.4,58.1
21.4,57.5
21.4,57.4
21.4,58.0
21.4,57.5
21.4,57.4
21.4,57.5
21.4,57.4
21.4,57.5
21.4,57.4
21.4,57.3
21.4,57.3
21.4,57.4
21.4,57.4
21.4,57.8
21.4,58.0
21.4,57.4
21.4,57.8
21.4,57.4
21.4,57.4
21.4,57.8
21.4,57.3
21.4,57.3
21.4,57.3
21.4,57.9
21.4,57.9
21.4,57.5
21.4,57.9
21.4,57.5
21.4,57.9
21.4,57.9
21.4,57.3
21.4,57.4
21.4,57.4
21.4,57.4
21.4,57.5
21.4,57.4
21.4,57.5
21.4,58.0
21.4,57.8
21.4,57.7
21.4,57.4
21.4,57.8
21.4,57.8
21.4,57.7
21.4,57.8
21.4,57.3
21.4,57.6
21.4,57.1
21.4,57.6
21.4,57.7
21.4,57.2
21.4,57.4
21.4,57.5
21.4,57.1
21.4,57.5
21.4,57.1
21.4,57.6
21.4,57.0
21.4,57.5
21.4,57.5
21.4,56.9
21.4,56.9
21.4,57.0
21.4,57.4
21.4,56.9
21.4,57.3
21.4,57.2
21.4,56.8
21.4,57.0
21.4,57.0
21.4,56.9
21.4,57.3
21.4,56.9
21.4,57.3
21.4,57.2
21.4,57.4
21.4,57.0
21.4,57.4
21.4,57.4
21.4,57.6
21.4,57.0
21.4,57.1
21.4,56.9
21.4,56.9
21.4,56.8
21.4,57.3
21.4,57.4
21.4,56.9
21.4,57.5
21.4,56.9
21.4,57.0
21.4,57.3
21.4,56.9
21.4,57.3
21.4,56.9
21.4,56.9
21.3,57.3
21.4,57.0
21.4,57.5
21.4,57.4
21.4,56.9
21.4,57.5
21.4,57.0
21.4,57.0
21.4,57.4
21.4,56.9
21.3,57.0
21.4,57.0
21.3,57.4
21.4,57.4
21.3,56.9
21.3,57.0
21.3,56.9
21.3,56.9
21.3,57.4
21.3,57.3
21.3,57.0
21.3,57.0
21.3,57.5
21.4,57.3
21.3,57.2
21.3,57.3
21.3,57.2
21.3,57.4
21.3,57.2
21.3,57.3
21.3,57.8
21.3,57.8
21.3,57.5
21.3,57.5
21.3,57.4
21.3,57.6
21.3,57.5
21.3,57.8
21.3,57.5
21.3,57.6
21.3,57.5
21.3,57.9
21.3,57.9
21.3,57.8
21.3,57.5
21.3,57.5
21.3,57.6
21.3,57.6
21.3,57.7
21.3,57.6
21.3,57.7
21.3,58.1
21.3,57.7
21.3,57.8
21.3,57.9
21.3,57.8
21.3,57.9
21.3,58.2
21.3,58.1
21.3,57.7
21.3,58.1
21.3,58.1
21.3,57.6
21.3,57.4
21.3,57.9
21.3,57.8
21.3,57.9
21.3,57.5
21.3,57.4
21.3,57.5
21.3,57.4
21.3,57.5
21.3,57.5
21.3,57.5
21.3,57.6
21.3,57.5
21.3,57.5
21.3,57.9
21.3,57.6
21.3,57.4
21.3,57.5
21.3,57.5
21.3,57.8
21.3,57.8
21.3,57.3
21.3,57.4
21.3,57.4
21.3,57.4
21.3,57.7
21.3,57.8
21.3,57.4
21.3,57.6
21.3,57.4
21.3,57.5
21.3,57.5
21.3,57.9
21.3,57.9
21.3,57.5
21.3,57.5
21.3,57.9
21.3,57.4
21.3,57.9
21.2,57.5
21.3,58.0
21.3,57.6
21.3,57.6
21.3,57.7
21.3,57.6
21.3,58.0
21.3,57.6
21.3,57.7
21.2,57.8
21.3,57.8
21.3,57.7
21.3,58.1
21.3,58.1
21.3,57.7
21.3,57.8
21.3,57.7
21.3,57.8
21.2,57.8
21.2,57.8
21.3,57.9
21.3,57.7
21.3,58.1
21.3,57.8
21.2,57.8
21.3,58.2
21.3,57.9
21.3,58.2
21.2,57.9
21.3,57.9
21.3,57.9
21.3,57.8
21.3,57.8
21.2,58.2
21.2,57.8
21.2,58.0
21.3,57.9
21.2,58.0
21.2,58.3
21.2,58.0
21.2,57.9
21.2,57.9
21.2,58.4
21.3,58.4
21.2,58.1
21.2,58.4
21.3,58.1
21.3,58.4
21.2,58.1
21.2,58.2
21.2,58.1
21.2,58.1
21.3,58.4
21.2,58.0
21.2,58.1
21.2,58.1
21.2,58.4
21.3,58.1
21.2,58.2
21.2,58.1
21.2,58.5
21.2,58.2
21.3,58.2
21.2,58.0
21.3,58.2
21.3,58.4
21.2,58.5
21.3,58.1
21.3,58.6
21.2,58.5
21.3,58.2
21.3,58.3
21.3,58.2
21.3,58.6
21.3,58.2
21.3,58.3
21.3,58.3
21.3,58.2
21.3,58.3
21.2,58.4
21.2,58.3
21.3,58.4
21.3,58.3
21.3,58.4
21.3,58.4
21.3,58.5
21.3,58.6
21.3,58.5
21.3,58.8
21.3,58.5
21.2,58.8
21.3,58.3
21.2,58.4
21.3,58.6
21.3,58.4
21.2,58.3
21.3,58.4
21.2,58.4
21.3,58.5
21.2,58.3
21.2,58.7
21.2,58.4
21.2,58.5
21.3,58.5
21.2,58.5
21.3,58.7
21.3,58.4
21.2,58.5
21.3,58.4
21.3,58.5
21.2,58.5
21.3,58.4
21.3,58.8
21.3,58.4
21.3,58.4
21.3,58.9
21.3,58.8
21.3,58.4
21.3,58.4
21.2,58.8
21.3,58.8
21.3,58.4
21.3,58.7
21.3,58.3
21.3,58.4
21.3,58.4
21.3,58.4
21.3,58.4
21.3,58.8
21.3,58.5
21.3,58.4
21.3,58.6
21.3,58.6
21.3,58.5
21.3,58.5
21.3,58.6
21.3,58.8
21.2,58.3
21.3,58.8
21.3,58.6
21.3,58.8
21.3,58.5
21.2,58.5
21.3,58.8
21.2,58.5
21.2,58.9
21.3,58.6
21.3,58.6
21.3,59.0
21.3,59.0
21.3,59.0
21.3,59.1
21.2,59.2
21.3,59.8
21.3,60.3
21.3,60.0
21.3,60.6
21.3,60.1
21.3,59.9
21.3,59.8
21.3,59.6
21.3,59.5
21.3,59.5
21.3,59.8
21.3,59.7
21.3,59.3
21.3,59.7
21.3,59.7
21.3,59.6
21.3,59.5
21.3,59.1
21.3,59.1
21.3,59.2
21.3,59.1
21.3,59.2
21.3,59.6
21.3,59.3
21.3,59.3
21.3,59.4
21.3,59.5
21.3,59.6
21.3,59.9
21.3,59.6
21.3,59.6
21.3,59.9
21.3,59.4
21.3,59.9
21.3,59.5
21.3,59.4
21.3,59.9
21.3,59.9
21.3,59.5
21.3,59.5
21.3,59.5
21.3,59.4
21.3,59.4
21.3,59.8
21.3,59.8
21.3,59.4
21.3,59.3
21.3,59.4
21.2,59.4
21.3,59.3
21.2,59.4
21.2,59.7
21.3,59.4
21.3,59.8
21.2,59.5
21.2,59.4
21.3,59.9
21.2,59.4
21.2,59.8
21.3,59.4
21.3,59.4
21.3,59.8
21.2,59.4
21.2,59.4
21.3,59.5
21.2,59.6
21.3,59.8
21.3,59.4
21.2,59.7
21.2,59.2
21.3,59.8
21.2,59.2
21.2,59.4
21.3,59.4
21.2,59.2
21.2,59.4
21.2,59.3
21.2,59.4
21.2,59.3
21.2,59.7
21.2,59.4
21.2,59.3
21.2,59.4
21.2,59.4
21.2,59.4
21.2,59.3
21.2,59.6
21.2,59.4
21.2,59.8
21.2,59.5
21.2,59.3
21.2,59.4
21.2,59.4
21.2,59.4
21.2,59.4
21.2,59.4
21.2,59.9
21.2,59.4
21.2,59.6
21.2,59.7
21.2,59.7
21.2,59.8
21.2,59.8
21.2,59.7
21.2,59.7
21.2,59.6
21.2,59.7
21.2,59.6
21.2,60.1
21.2,60.1
21.2,59.7
21.2,59.7
21.2,59.7
21.2,59.7
21.2,60.0
21.2,59.7
21.2,59.6
21.2,59.6
21.2,59.7
21.2,60.1
21.2,59.6
21.2,59.6
21.2,60.2
21.2,59.7
21.2,59.7
21.2,59.7
21.2,59.8
21.2,59.7
21.2,59.7
21.2,59.6
21.2,59.8
21.2,59.8
21.2,59.8
21.2,60.1
21.2,59.8
21.2,59.7
21.2,59.7
21.2,60.1
21.2,59.9
21.2,59.8
21.2,59.7
21.2,59.7
21.2,59.6
21.2,59.8
21.2,59.7
21.2,59.7
21.2,59.7
21.2,59.9
21.2,59.6
21.2,59.6
21.2,59.9
21.2,59.5
21.2,59.6
21.2,59.6
21.2,60.1
21.2,59.6
21.2,60.0
21.2,60.1
21.2,59.7
21.2,59.8
21.2,59.8
21.2,60.2
21.2,59.8
21.2,59.8
21.2,59.9
21.2,59.8
21.2,60.3
21.2,59.9
21.2,60.0
21.2,59.9
21.2,60.3
21.2,60.3
21.2,60.4
21.2,60.3
21.2,60.3
21.2,60.1
21.2,60.0
21.2,60.3
21.2,60.1
21.2,60.3
21.2,59.9
21.2,60.3
21.2,60.0
21.2,60.0
21.2,60.0
21.2,60.4
21.2,60.3
21.2,60.1
21.2,60.0
21.2,59.9
21.2,60.1
21.2,60.0
21.2,60.1
21.2,60.0
21.2,60.0
21.2,60.2
21.2,60.3
21.2,60.3
21.2,59.9
21.2,60.3
21.2,60.0
21.2,60.4
21.2,59.9
21.2,59.9
21.2,60.4
21.2,60.3
21.2,60.1
21.2,60.1
21.2,60.6
21.2,60.4
21.2,60.1
21.2,60.2
21.2,60.0
21.2,60.1
21.2,60.7
21.2,60.1
21.3,60.2
21.2,60.1
21.3,60.1
21.3,60.1
21.3,60.2
21.3,60.1
21.3,60.6
21.3,60.1
21.3,60.1
21.3,60.2
21.3,60.5
21.3,60.5
21.3,60.1
21.3,60.1
21.3,60.6
21.3,60.6
21.3,60.0
21.3,59.9
21.3,60.0
21.3,60.2
21.3,60.0
21.3,60.5
21.3,59.9
21.3,60.3
21.3,60.3
21.3,60.2
21.3,59.6
21.3,59.6
21.3,60.2
21.3,59.7
21.3,60.1
21.3,60.1
21.3,59.7
21.3,60.1
21.3,59.8
21.3,59.8
21.3,59.8
21.3,60.2
21.3,59.8
21.3,59.8
21.3,59.8
21.3,59.8
21.3,59.9
21.3,59.9
21.3,59.7
21.3,60.2
21.3,60.4
21.3,60.2
21.3,59.8
21.3,59.7
21.3,60.3
21.3,59.8
21.3,59.9
21.3,59.8
21.3,60.3
21.3,59.8
21.3,59.9
21.3,60.3
21.3,59.7
21.3,59.8
21.3,60.3
21.3,59.8
21.3,59.9
21.3,60.2
21.4,60.3
21.4,60.0
21.3,59.9
21.3,60.3
21.4,59.8
21.4,59.8
21.4,59.6
21.4,59.4
21.4,60.0
21.4,59.2
21.4,59.3
21.4,59.3
21.4,59.2
21.4,59.8
21.4,59.3
21.4,59.3
21.4,59.2
21.4,59.3
21.4,59.9
21.4,59.2
21.4,59.1
21.4,59.0
21.4,59.6
21.5,59.6
21.4,59.1
21.4,58.8
21.4,58.7
21.5,58.6
21.5,58.4
21.5,58.3
21.5,58.3
21.5,58.9
21.5,58.3
21.5,58.3
21.5,58.3
21.5,58.3
21.5,58.4
21.5,58.3
21.5,58.2
21.5,58.6
21.5,58.2
21.5,58.2
21.5,58.6
21.5,58.2
21.5,58.6
21.5,58.7
21.5,58.4
21.5,59.0
21.5,58.5
21.5,58.9
21.5,58.5
21.5,58.6
21.5,58.4
21.5,59.0
21.5,59.1
21.5,59.2
21.5,58.6
21.5,58.7
21.5,58.7
21.5,59.3
21.5,59.4
21.5,58.8
21.5,58.9
21.5,59.0
21.5,58.9
21.5,59.5
21.5,59.0
21.5,58.9
21.5,58.9
21.5,58.9
21.4,59.0
21.5,58.9
21.5,58.9
21.5,58.9
21.4,58.9
21.4,59.0
21.4,59.5
21.4,58.9
21.4,59.3
21.4,58.8
21.4,58.7
21.4,58.5
21.4,59.0
21.5,58.9
21.5,59.0
21.4,58.3
21.4,58.9
21.5,58.4
21.5,58.9
21.5,59.0
21.5,59.0
21.5,58.5
21.5,58.9
21.5,58.4
21.5,58.4
21.5,58.7
21.5,58.5
21.5,57.8
21.5,57.7
21.5,57.7
21.5,57.5
21.5,57.6
21.5,57.6
21.5,57.6
21.5,57.6
21.5,58.1
21.5,58.2
21.5,57.6
21.5,57.6
21.5,57.5
21.5,57.4
21.5,57.9
21.5,57.4
21.5,58.1
21.5,57.6
21.6,57.6
21.5,58.2
21.5,57.7
21.6,58.4
21.5,57.7
21.6,57.8
21.5,57.8
21.5,57.9
21.5,57.9
21.6,57.9
21.5,58.5
21.6,58.5
21.5,58.4
21.5,58.6
21.5,58.0
21.6,58.0
21.6,58.0
21.6,58.5
21.6,58.1
21.6,58.1
21.6,58.0
21.5,58.6
21.5,58.2
21.6,58.7
21.5,58.3
21.5,58.7
21.5,58.2
21.5,58.7
21.5,58.2
21.5,58.2
21.5,58.7
21.5,58.2
21.5,58.7
21.5,58.2
21.5,58.2
21.5,58.2
21.5,58.2
21.5,58.7
21.5,58.2
21.5,58.7
21.5,58.2
21.5,58.8
21.5,58.2
21.5,58.3
21.5,58.3
21.5,59.0
21.5,58.9
21.5,59.0
21.5,58.4
21.5,59.1
21.5,59.0
21.5,58.5
21.5,58.4
21.5,58.5
21.5,59.1
21.5,58.9
21.5,58.5
21.5,58.4
21.5,59.0
21.5,59.0
21.5,58.5
21.5,58.4
21.5,59.1
21.5,59.0
21.5,59.0
21.5,58.4
21.5,59.0
21.5,58.4
21.5,58.5
21.5,59.0
21.5,58.4
21.5,58.4
21.5,58.4
21.5,58.3
21.5,58.4
21.5,58.8
21.5,58.4
21.5,58.9
21.5,58.9
21.5,58.4
21.5,59.0
21.5,58.5
21.5,58.9
21.5,58.5
21.5,58.4
21.5,58.9
21.5,58.9
21.5,58.4
21.5,58.9
21.5,58.3
21.5,58.8
21.5,58.4
21.5,58.4
21.5,58.9
21.5,58.5
21.5,58.4
21.5,58.4
21.5,58.4
21.5,58.3
21.5,58.3
21.5,58.9
21.5,59.0
21.5,59.0
21.5,58.5
21.5,58.9
21.5,58.2
21.5,58.2
21.5,58.7
21.5,58.3
21.5,58.8
21.5,58.2
21.5,58.7
21.5,58.4
21.5,58.8
21.5,58.4
21.5,59.0
21.5,58.9
21.5,59.0
21.5,59.0
21.5,58.3
21.5,58.9
21.5,58.4
21.5,58.3
21.5,58.5
21.5,59.0
21.5,59.1
21.5,59.1
21.5,59.3
21.5,58.7
21.5,58.6
21.5,58.7
21.5,58.5
21.5,58.5
21.5,59.0
21.5,58.5
21.5,58.4
21.5,58.3
21.5,58.8
21.5,58.2
21.5,58.1
21.5,58.2
21.5,58.2
21.5,58.3
21.5,58.3
21.5,58.9
21.5,58.3
21.5,58.7
21.5,58.2
21.5,58.1
21.5,58.5
21.5,58.4
21.5,57.8
21.5,58.5
21.6,58.3
21.5,57.7
21.5,57.7
21.6,57.8
21.6,57.8
21.6,58.4
21.6,58.4
21.6,57.8
21.6,58.4
21.6,58.3
21.6,57.6
21.6,58.2
21.6,57.6
21.6,57.7
21.6,57.7
21.6,57.8
21.6,57.8
21.6,57.8
21.6,58.0
21.6,57.9
21.6,57.9
21.6,57.8
21.6,57.9
21.6,58.5
21.6,57.8
21.6,57.8
21.6,57.8
21.6,57.8
21.6,58.4
21.6,58.6
21.6,58.0
21.6,57.9
21.6,58.0
21.5,57.9
21.5,57.9
21.6,58.4
21.5,58.5
21.5,58.4
21.5,58.4
21.6,57.8
21.5,58.5
21.5,58.4
21.5,57.8
21.5,57.9
21.6,58.0
21.5,58.0
21.5,57.9
21.5,57.9
21.5,58.4
21.5,58.0
21.6,58.5
21.5,57.9
21.5,57.8
21.5,58.5
21.5,57.8
21.5,58.5
21.5,57.9
21.5,57.8
21.5,57.7
21.5,58.3
21.5,58.4
21.5,57.8
21.5,57.7
21.5,57.7
21.5,58.2
21.5,57.5
21.6,57.6
21.6,57.5
21.6,57.5
21.6,57.5
21.6,58.1
21.6,58.2
21.6,58.2
21.6,57.7
21.6,57.8
21.6,57.8
21.6,57.7
21.6,58.4
21.6,57.7
21.6,57.8
21.6,58.3
21.6,57.8
21.6,57.8
21.6,57.7
21.6,57.6
21.6,57.5
21.6,57.5
21.6,57.4
21.6,57.4
21.6,57.2
21.6,57.9
21.6,57.8
21.6,57.3
21.6,57.2
21.6,57.2
21.6,57.9
21.6,57.2
21.6,57.2
21.6,57.9
21.6,57.4
21.6,58.0
21.6,58.1
21.7,57.4
21.6,57.5
21.6,58.2
21.6,57.6
21.6,57.6
21.6,57.7
21.6,58.4
21.6,57.8
21.6,58.5
21.6,57.8
21.6,57.8
21.6,57.8
21.6,58.3
21.6,57.7
21.6,57.8
21.6,57.9
21.6,58.6
21.6,58.5
21.6,58.0
21.6,58.1
21.6,58.0
21.6,58.0
21.5,57.9
21.5,57.9
21.6,58.5
21.5,58.0
21.6,58.0
21.5,58.6
21.5,58.0
21.5,58.0
21.5,58.0
21.6,58.0
21.5,58.6
21.5,58.0
21.5,58.5
21.5,58.0
21.5,58.6
21.5,58.6
21.5,58.0
21.5,58.5
21.5,58.0
21.5,58.1
21.5,58.6
21.5,58.0
21.5,58.6
21.5,58.1
21.5,58.2
21.5,58.6
21.5,58.1
21.5,58.7
21.5,58.2
21.5,58.3
21.5,58.8
21.5,58.2
21.5,58.1
21.5,58.0
21.5,57.9
21.5,57.8
21.5,57.9
21.5,58.5
21.5,57.9
21.5,58.6
21.5,57.9
21.5,58.7
21.5,58.0
21.5,58.6
21.5,58.1
21.5,58.2
21.5,58.2
21.5,58.2
21.5,58.6
21.5,58.0
21.5,57.9
21.5,57.9
21.5,57.9
21.5,58.6
21.5,58.6
21.5,58.3
21.5,58.8
21.5,58.4
21.5,58.9
21.5,58.9
21.5,58.9
21.5,58.4
21.5,58.3
21.5,58.4
21.5,58.9
21.5,58.4
21.5,59.0
21.5,58.5
21.5,58.6
21.5,58.6
21.5,58.6
21.5,58.6
21.4,59.1
21.4,59.2
21.5,58.5
21.4,58.6
21.4,58.5
21.5,58.6
21.4,58.5
21.4,58.6
21.5,58.9
21.4,58.6
21.4,58.6
21.4,58.7
21.4,58.7
21.4,58.7
21.4,58.8
21.4,58.7
21.4,58.5
21.4,58.5
21.4,58.5
21.4,59.0
21.4,58.5
21.4,58.6
21.4,58.5
21.4,58.6
21.4,58.6
21.4,59.2
21.4,58.7
21.4,58.6
21.4,59.3
21.4,58.6
21.4,58.6
21.4,58.6
21.4,58.6
21.4,58.7
21.4,59.2
21.4,58.6
21.4,58.7
21.4,59.3
21.4,58.7
21.4,58.6
21.4,58.7
21.4,59.3
21.4,59.3
21.4,59.4
21.4,58.8
21.4,58.9
21.4,58.8
21.4,58.7
21.4,58.8
21.4,58.8
21.4,58.8
21.4,58.8
21.4,59.5
21.4,59.0
21.4,59.4
21.4,58.8
21.4,59.4
21.4,58.8
21.4,58.8
21.4,59.4
21.4,59.3
21.4,59.0
21.4,59.0
21.4,59.1
21.4,58.4
21.4,58.9
21.4,59.0
21.4,58.6
21.4,58.6
21.4,58.6
21.4,59.2
21.4,59.1
21.4,59.2
21.4,58.6
21.4,58.7
21.4,58.8
21.4,58.7
21.4,59.4
21.4,58.7
21.4,59.4
21.4,58.7
21.4,58.7
21.4,59.2
21.4,58.7
21.4,59.4
21.4,58.8
21.4,58.8
21.4,59.0
21.4,59.5
21.4,59.5
21.4,59.6
21.4,58.9
21.4,59.5
21.4,59.5
21.4,59.5
21.4,58.9
21.4,59.4
21.4,58.9
21.4,59.0
21.4,59.4
21.4,59.5
21.4,59.0
21.4,59.5
21.4,59.6
21.4,59.2
21.4,59.0
21.4,59.1
21.4,59.6
21.4,59.1
21.4,59.5
21.4,59.1
21.4,59.1
21.4,59.6
21.4,59.0
21.4,59.2
21.4,59.6
21.4,59.6
21.4,59.2
21.4,59.1
21.4,59.2
21.4,59.5
21.4,59.1
21.4,59.1
21.4,59.1
21.4,59.2
21.4,59.2
21.4,59.2
21.4,59.7
21.4,59.2
21.4,59.2
21.4,59.7
21.4,59.3
21.4,59.2
21.4,59.2
21.4,59.7
21.4,59.2
21.4,59.8
21.4,59.7
21.4,59.2
21.4,59.1
21.4,59.7
21.4,59.1
21.4,59.4
21.4,59.2
21.4,59.7
21.4,59.7
21.4,59.0
21.4,59.0
21.4,59.6
21.4,59.7
21.4,59.6
21.4,59.6
21.4,59.1
21.4,59.2
21.5,59.7
21.4,59.1
21.4,59.2
21.4,59.1
21.5,59.7
21.4,59.7
21.4,59.1
21.4,59.0
21.5,59.7
21.4,59.1
21.4,59.1
21.5,59.1
21.5,59.1
21.5,59.0
21.5,59.1
21.5,59.0
21.5,59.1
21.5,59.6
21.5,59.0
21.5,59.0
21.5,59.7
21.5,59.1
21.5,59.6
21.5,59.0
21.5,59.6
21.5,59.0
21.5,59.1
21.5,59.6
21.5,59.1
21.5,59.0
21.5,59.0
21.5,59.6
21.5,59.1
21.5,59.0
21.5,59.1
21.5,59.6
21.5,59.7
21.5,59.1
21.5,59.6
21.5,59.6
21.5,59.1
21.5,59.7
21.5,59.1
21.5,59.6
21.5,59.1
21.5,59.1
21.5,59.6
21.5,59.8
21.5,59.7
21.5,59.6
21.5,59.0
21.5,59.7
21.5,59.1
21.5,59.0
21.5,59.0
21.5,59.1
21.5,59.0
21.5,59.1
21.5,59.0
21.5,59.7
21.5,59.6
21.5,59.6
21.5,59.5
21.5,59.0
21.5,59.0
21.6,59.7
21.5,59.0
21.5,59.6
21.5,59.0
21.5,59.7
21.5,59.1
21.5,59.2
21.5,59.1
21.5,59.1
21.6,59.0
21.5,59.1
21.5,59.1
21.5,59.1
21.5,59.1
21.5,59.7
21.5,59.0
21.5,59.1
21.5,59.1
21.5,59.1
21.5,59.1
21.6,59.6
21.5,59.0
21.6,59.1
21.6,59.7
21.6,59.7
21.5,59.7
21.6,59.6
21.6,59.0
21.6,59.0
21.5,59.0
21.5,59.1
21.6,59.1
21.5,59.6
21.6,59.1
21.6,59.0
21.5,59.1
21.6,59.1
21.5,59.6
21.5,59.5
21.5,59.0
21.5,59.1
21.6,59.1
21.6,59.7
21.6,59.0
21.6,59.0
21.6,59.5
21.6,59.6
21.6,59.5
21.5,59.5
21.5,58.9
21.6,58.8
21.5,59.4
21.6,58.8
21.6,58.8
21.6,58.8
21.6,59.5
21.6,59.5
21.6,58.8
21.6,59.4
21.5,58.8
21.6,58.8
21.6,59.4
21.6,59.5
21.6,59.5
21.6,58.8
21.6,59.5
21.6,58.9
21.6,59.5
21.6,58.9
21.6,59.0
21.6,59.0
21.6,59.6
21.6,59.6
21.6,59.0
21.6,59.1
21.6,59.6
21.6,59.1
21.6,59.1
21.6,59.2
21.6,59.9
21.6,59.2
21.6,59.9
21.6,60.0
21.6,59.4
21.6,59.3
21.6,59.4
21.6,59.4
21.6,59.4
21.6,59.4
21.6,60.1
21.6,59.4
21.6,59.4
21.6,59.5
21.6,59.5
21.6,60.0
21.6,59.4
21.6,60.1
21.6,60.1
21.6,59.5
21.6,60.1
21.6,59.4
21.6,60.1
21.6,59.6
21.6,59.6
21.6,59.5
21.6,59.5
21.6,59.6
21.6,59.5
21.6,59.5
21.6,59.5
21.6,59.6
21.6,59.5
21.6,60.1
21.6,59.5
21.6,60.1
21.6,59.6
21.6,60.3
21.6,60.3
21.6,60.3
21.6,59.6
21.6,59.7
21.6,60.3
21.7,60.3
21.6,59.7
21.6,59.7
21.6,60.3
21.6,59.7
21.6,59.6
21.6,59.6
21.6,59.6
21.6,59.7
21.6,59.7
21.6,59.7
21.6,59.7
21.6,59.7
21.6,59.7
21.6,59.7
21.6,60.4
21.6,60.4
21.6,59.7
21.6,60.4
21.6,59.6
21.6,60.3
21.6,59.6
21.6,59.6
21.6,60.3
21.6,60.2
21.6,60.3
21.6,59.7
21.6,59.7
21.6,59.8
21.6,59.8
21.6,59.8
21.6,59.8
21.6,59.8
21.6,60.4
21.6,59.8
21.6,59.8
21.6,60.3
21.6,60.3
21.6,59.8
21.6,59.7
21.6,60.3
21.6,59.8
21.6,59.8
21.6,59.7
21.6,59.7
21.6,59.9
21.6,59.8
21.6,59.8
21.6,59.9
21.6,59.8
21.6,60.5
21.6,59.8
21.6,59.7
21.6,59.8
21.6,59.8
21.6,60.4
21.6,60.4
21.6,59.8
21.6,59.8
21.6,59.8
21.6,60.4
21.6,59.8
21.6,59.9
21.6,59.8
21.6,59.8
21.6,60.5
21.6,60.5
21.6,59.9
21.6,59.9
21.6,59.8
21.6,59.9
21.6,60.5
21.6,59.9
21.6,60.5
21.6,60.0
21.6,59.9
21.6,60.0
21.6,60.5
21.6,60.6
21.6,59.9
21.6,59.9
21.6,59.9
21.6,60.0
21.6,60.5
21.6,60.0
21.6,59.9
21.6,59.9
21.6,59.9
21.7,60.6
21.6,60.5
21.7,60.0
21.7,59.9
21.7,60.5
21.7,60.0
21.6,59.9
21.7,60.5
21.7,60.0
21.6,59.9
21.7,59.8
21.7,60.3
21.6,59.7
21.7,59.7
21.6,59.8
21.6,59.8
21.7,60.5
21.6,60.5
21.7,59.8
21.7,59.8
21.6,60.3
21.6,60.4
21.6,59.7
21.6,59.8
21.6,59.7
21.6,59.8
21.6,60.4
21.6,60.4
21.6,60.4
21.6,60.4
21.6,60.4
21.6,59.9
21.6,59.9
21.6,60.4
21.6,60.5
21.6,59.9
21.6,59.9
21.6,60.5
21.6,60.5
21.6,60.0
21.6,59.9
21.6,59.9
21.6,59.9
21.6,60.4
21.6,60.4
21.6,60.3
21.6,59.8
21.6,59.7
21.6,59.6
21.6,60.2
21.6,59.6
21.6,59.7
21.6,60.3
21.6,59.7
21.6,59.6
21.6,59.7
21.6,60.4
21.6,59.8
21.6,59.8
21.6,60.2
21.6,60.3
21.6,60.4
21.6,59.8
21.6,59.9
21.6,60.3
21.6,60.3
21.6,59.7
21.6,59.8
21.6,59.8
21.6,59.8
21.6,59.8
21.6,60.4
21.6,60.4
21.6,59.8
21.6,59.7
21.6,59.8
21.6,59.8
21.6,59.8
21.6,59.8
21.6,59.8
21.6,60.4
21.6,59.9
21.6,60.3
21.6,60.0
21.6,59.8
21.6,60.6
21.6,59.9
21.6,59.9
21.6,60.0
21.6,60.4
21.6,60.4
21.6,59.9
21.6,59.9
21.6,60.4
21.6,60.0
21.6,59.8
21.6,59.9
21.6,60.4
21.6,60.4
21.6,59.9
21.6,59.9
21.6,59.9
21.6,59.9
21.6,60.0
21.6,59.9
21.6,60.0
21.6,59.9
21.6,60.2
21.6,59.7
21.6,60.3
21.6,59.8
21.6,59.7
21.6,59.8
21.6,59.8
21.6,59.8
21.6,59.8
21.6,60.4
21.6,60.0
21.6,59.9
21.6,60.4
21.6,59.8
21.6,60.0
21.6,60.0
21.6,60.0
21.6,60.5
21.6,59.9
21.6,60.5
21.6,59.9
21.6,59.8
21.6,60.3
21.6,59.8
21.6,59.8
21.6,60.3
21.6,60.3
21.6,60.3
21.6,59.7
21.6,59.6
21.6,59.7
21.6,59.8
21.6,59.8
21.6,59.9
21.6,59.9
21.6,59.9
21.6,59.9
21.6,59.9
21.6,60.4
21.6,59.9
21.6,59.9
21.6,60.5
21.6,60.5
21.6,59.9
21.6,59.8
21.6,60.5
21.6,60.4
21.6,59.8
21.6,59.9
21.6,59.8
21.6,60.4
21.6,60.5
21.6,59.9
21.6,59.8
21.6,59.8
21.6,59.9
21.6,59.9
21.6,59.8
21.6,59.8
21.6,59.8
21.6,59.9
21.6,60.4
21.6,60.4
21.6,60.4
21.6,59.8
21.6,60.4
21.6,59.8
21.6,59.9
21.6,59.7
21.6,59.8
21.6,59.8
21.6,59.8
21.6,59.8
21.6,59.8
21.6,60.4
21.6,59.8
21.6,60.4
21.6,59.8
21.6,60.4
21.6,59.8
21.6,60.4
21.6,59.7
21.6,59.7
21.6,59.8
21.6,59.8
21.6,60.4
21.7,59.8
21.6,59.8
21.6,59.7
21.6,59.8
21.6,59.7
21.6,60.3
21.6,59.7
21.6,59.8
21.6,60.5
21.6,60.5
21.6,59.8
21.6,60.4
21.7,59.7
21.7,59.8
21.7,59.8
21.7,59.8
21.7,59.7
21.6,59.8
21.7,59.8
21.7,59.7
21.7,59.7
21.7,60.4
21.7,60.5
21.7,60.4
21.7,59.8
21.7,59.8
21.7,59.8
21.7,60.4
21.7,60.4
21.7,59.7
21.7,59.8
21.7,59.7
21.6,59.7
21.7,59.7
21.7,59.7
21.7,59.7
21.7,59.8
21.7,60.4
21.7,59.7
21.7,59.7
21.7,59.8
21.7,59.7
21.6,60.4
21.7,59.8
21.7,59.7
21.7,59.8
21.7,60.4
21.7,60.6
21.7,59.8
21.7,59.8
21.7,59.8
21.7,60.5
21.7,59.8
21.7,59.8
21.7,59.8
21.7,59.8
21.7,60.5
21.7,59.8
21.7,59.8
21.7,60.4
21.7,59.8
21.7,59.9
21.7,59.9
21.7,59.9
21.7,59.8
21.7,59.8
21.7,60.5
21.7,60.5
21.7,59.9
21.7,59.9
21.7,60.5
21.7,59.8
21.7,59.9
21.7,60.4
21.7,60.5
21.7,59.8
21.7,59.9
21.7,60.5
21.7,59.9
21.7,59.9
21.7,59.9
21.7,59.8
21.7,59.8
21.7,59.8
21.7,59.8
21.7,59.8
21.8,60.5
21.8,59.8
21.8,60.5
21.8,60.4
21.8,59.7
21.8,59.7
21.8,60.4
21.8,59.7
21.8,60.3
21.8,59.6
21.8,59.6
21.8,59.5
21.8,59.6
21.8,59.6
21.8,60.2
21.8,59.5
21.8,60.1
21.8,59.5
21.8,59.5
21.8,59.5
21.8,59.5
21.8,59.5
21.8,60.2
21.8,60.2
21.8,60.1
21.8,59.4
21.8,59.5
21.8,59.5
21.8,59.4
21.8,60.1
21.8,59.5
21.8,59.4
21.8,59.3
21.8,59.3
21.8,59.9
21.8,59.4
21.8,59.3
21.8,59.4
21.7,59.3
21.7,59.2
21.7,59.3
21.7,59.3
21.7,59.3
21.7,59.3
21.7,60.0
21.7,59.4
21.7,59.3
21.7,59.3
21.7,60.0
21.7,60.0
21.7,59.3
21.7,59.3
21.7,59.3
21.7,59.3
21.7,59.3
21.7,59.4
21.7,59.4
21.7,59.4
21.7,59.4
21.7,60.0
21.7,59.5
21.7,59.4
21.7,59.4
21.7,59.4
21.7,59.4
21.7,59.5
21.7,60.2
21.7,60.2
21.7,60.2
21.7,59.4
21.7,60.1
21.7,60.2
21.7,59.5
21.7,59.4
21.7,59.4
21.7,60.1
21.7,59.4
21.7,59.2
21.7,59.4
21.7,59.3
21.7,60.0
21.7,59.3
21.7,59.2
21.7,59.3
21.7,60.0
21.7,59.3
21.7,59.3
21.7,59.3
21.7,59.3
21.7,59.2
21.7,59.3
21.7,59.3
21.7,59.4
21.7,59.3
21.6,60.1
21.6,59.5
21.6,59.4
21.6,59.4
21.7,59.4
21.7,60.0
21.7,60.0
21.6,59.3
21.6,59.2
21.7,59.2
21.6,59.2
21.7,59.2
21.7,59.1
21.6,59.1
21.7,59.2
21.7,59.6
21.6,59.1
21.6,59.0
21.6,59.1
21.6,58.9
21.6,58.9
21.6,58.9
21.6,58.8
21.7,59.5
21.6,59.4
21.6,59.5
21.6,58.9
21.6,58.9
21.6,58.9
21.6,58.8
21.6,58.8
21.6,59.0
21.6,58.9
21.6,59.0
21.6,59.1
21.6,59.7
21.6,59.0
21.6,59.0
21.6,59.0
21.6,59.1
21.6,59.6
21.6,59.0
21.6,59.0
21.6,59.6
21.6,59.1
21.6,59.2
21.6,59.2
21.6,59.2
21.6,59.2
21.6,59.9
21.6,59.3
21.6,59.3
21.6,59.3
21.6,59.9
21.6,59.3
21.6,59.8
21.6,59.2
21.6,59.3
21.6,59.3
21.6,59.3
21.6,59.4
21.6,60.1
21.6,59.5
21.6,60.1
21.6,60.0
21.6,59.3
21.5,59.2
21.6,59.9
21.6,59.8
21.6,59.3
21.6,59.3
21.5,59.4
21.5,60.0
21.6,59.4
21.5,60.0
21.6,59.4
21.5,60.0
21.5,59.9
21.5,60.0
21.6,59.9
21.5,59.8
21.5,59.3
21.6,59.8
21.6,59.4
21.5,59.3
21.5,60.0
21.5,59.3
21.6,59.4
21.5,59.5
21.5,59.5
21.5,59.5
21.5,60.1
21.5,59.5
21.5,60.1
21.5,60.1
21.5,60.2
21.5,59.5
21.5,59.5
21.5,59.6
21.5,59.4
21.5,59.5
21.5,60.0
21.5,60.2
21.5,60.0
21.5,59.6
21.5,59.5
21.5,59.6
21.5,60.1
21.5,59.5
21.5,59.6
21.5,60.1
21.5,60.3
21.5,59.5
21.5,60.0
21.5,60.0
21.5,59.5
21.5,59.4
21.5,59.4
21.5,59.3
21.5,59.4
21.5,59.4
21.5,59.9
21.5,59.8
21.5,59.8
21.5,59.2
21.5,59.1
21.5,59.1
21.5,59.7
21.5,59.1
21.5,59.2
21.5,59.7
21.5,59.7
21.5,59.2
21.5,59.2
21.6,59.2
21.5,59.8
21.5,59.1
21.5,59.7
21.5,59.2
21.5,59.9
21.5,59.2
21.5,59.2
21.5,59.9
21.5,59.2
21.6,59.2
21.5,59.9
21.5,59.7
21.5,59.3
21.6,59.2
21.5,59.3
21.5,59.7
21.5,59.2
21.5,59.7
21.5,59.7
21.6,59.7
21.5,59.5
21.5,59.7
21.5,59.1
21.6,59.0
21.5,59.0
21.6,58.9
21.5,58.9
21.6,59.5
21.6,59.5
21.5,59.4
21.6,58.8
21.6,58.8
21.5,58.8
21.6,58.8
21.5,58.8
21.6,58.8
21.6,58.8
21.6,58.8
21.6,59.4
21.6,58.8
21.6,58.8
21.6,58.9
21.6,58.9
21.6,58.9
21.6,59.6
21.6,58.9
21.6,58.7
21.6,59.3
21.6,58.7
21.6,58.6
21.6,58.7
21.6,58.7
21.6,58.7
21.6,58.8
21.6,58.8
21.6,58.8
21.6,58.9
21.6,59.0
21.5,59.7
21.6,59.0
21.6,58.9
21.6,58.8
21.6,58.8
21.6,59.4
21.6,58.7
21.6,59.3
21.6,59.4
21.6,59.5
21.6,58.8
21.6,59.4
21.6,58.9
21.6,58.8
21.5,59.5
21.6,58.8
21.6,58.8
21.6,58.9
21.5,59.0
21.6,58.9
21.6,59.4
21.6,59.4
21.6,58.9
21.5,59.5
21.5,58.8
21.5,58.8
21.6,59.3
21.5,58.8
21.5,58.7
21.6,59.3
21.6,58.7
21.5,58.7
21.6,58.7
21.6,58.6
21.6,59.3
21.6,58.6
21.6,58.5
21.6,58.6
21.6,58.6
21.6,58.5
21.6,58.6
21.6,58.5
21.6,58.6
21.6,58.5
21.6,58.4
21.6,59.1
21.6,58.4
21.6,59.1
21.6,59.1
21.6,58.5
21.6,59.1
21.6,59.2
21.6,58.5
21.6,59.1
21.6,58.4
21.6,59.1
21.6,58.2
21.6,58.2
21.6,58.2
21.6,58.3
21.6,58.2
21.6,58.2
21.6,58.2
21.6,58.1
21.6,58.1
21.6,58.0
21.6,57.9
21.6,58.6
21.6,57.8
21.6,58.5
21.6,57.8
21.6,57.8
21.6,57.8
21.6,57.9
21.6,57.8
21.6,57.8
21.6,57.9
21.6,57.9
21.6,57.9
21.6,57.9
21.6,57.9
21.6,58.0
21.6,58.0
21.6,58.0
21.6,58.7
21.6,58.1
21.6,58.1
21.6,58.0
21.6,58.7
21.6,58.1
21.6,58.1
21.6,58.0
21.6,58.7
21.6,58.0
21.6,58.1
21.6,58.2
21.6,58.0
21.6,58.1
21.6,58.0
21.6,58.8
21.6,58.0
21.6,58.6
21.6,58.7
21.6,58.7
21.6,58.8
21.6,58.7
21.6,58.1
21.6,58.2
21.6,58.7
21.6,58.1
21.6,58.9
21.6,58.2
21.6,58.1
21.6,58.1
21.6,58.1
21.6,58.1
21.6,58.1
21.6,58.0
21.6,58.7
21.6,58.7
21.6,58.0
21.6,58.8
21.6,58.1
21.6,58.7
21.6,58.2
21.6,58.2
21.6,58.2
21.6,58.7
21.6,58.7
21.6,58.1
21.6,58.7
21.6,58.1
21.6,58.2
21.6,58.2
21.6,58.2
21.6,58.3
21.6,58.9
21.6,58.2
21.6,58.2
21.6,58.2
21.6,58.2
21.6,58.2
21.6,58.9
21.6,58.9
21.6,58.2
21.6,58.9
21.6,58.2
21.6,58.2
21.6,58.2
21.6,58.2
21.6,58.3
21.6,58.3
21.6,58.3
21.6,58.2
21.6,58.1
21.6,57.9
21.6,58.4
21.6,58.5
21.6,57.8
21.6,57.9
21.6,58.0
21.6,58.1
21.6,58.2
21.6,58.2
21.6,58.2
21.6,58.9
21.6,58.9
21.6,58.3
21.6,58.2
21.6,58.7
21.6,58.1
21.6,58.7
21.6,58.1
21.6,58.7
21.6,57.9
21.6,58.0
21.6,58.1
21.6,58.2
21.6,58.2
21.6,58.2
21.6,59.0
21.6,58.4
21.6,58.4
21.6,58.4
21.6,58.4
21.6,58.4
21.6,58.4
21.6,58.4
21.6,59.1
21.6,59.3
21.6,58.4
21.6,59.1
21.6,58.4
21.6,58.4
21.6,58.4
21.6,59.1
21.6,59.1
21.6,59.3
21.6,59.3
21.6,59.1
21.6,58.6
21.6,58.5
21.6,58.5
21.6,59.1
21.5,58.3
21.6,59.0
21.6,58.9
21.5,58.4
21.5,58.5
21.6,59.2
21.6,59.2
21.5,58.5
21.6,58.6
21.5,58.5
21.6,58.6
21.5,58.5
21.5,59.2
21.5,59.2
21.5,58.6
21.5,58.6
21.5,58.7
21.5,58.7
21.5,59.4
21.6,58.7
21.5,59.4
21.6,59.2
21.5,58.6
21.5,58.6
21.6,58.6
21.5,58.6
21.5,58.6
21.5,59.2
21.6,58.6
21.5,58.6
21.6,59.2
21.5,59.3
21.5,58.6
21.6,59.3
21.5,59.5
21.6,58.8
21.5,58.8
21.6,59.6
21.5,58.9
21.6,58.9
21.6,58.9
21.6,58.9
21.5,58.9
21.6,58.9
21.5,58.8
21.5,58.8
21.5,59.4
21.5,58.7
21.5,58.7
21.5,58.6
21.6,58.6
21.6,58.5
21.6,58.5
21.6,58.5
21.5,58.4
21.5,58.4
21.5,58.4
21.6,58.4
21.6,59.1
21.6,58.5
21.6,58.5
21.6,58.5
21.6,59.0
21.6,58.3
21.6,58.3
21.6,59.0
21.6,58.2
21.6,58.2
21.6,58.8
21.6,58.3
21.6,58.4
21.6,58.3
21.6,59.0
21.6,58.4
21.6,59.1
21.6,58.4
21.6,58.3
21.6,58.9
21.6,58.2
21.6,58.2
21.6,58.1
21.6,58.1
21.6,58.2
21.6,58.3
21.6,58.4
21.6,59.1
21.6,58.6
21.6,58.6
21.6,58.6
21.6,58.5
21.6,58.6
21.6,58.6
21.6,58.6
21.6,58.5
21.6,58.5
21.6,58.6
21.6,59.2
21.6,58.7
21.6,59.3
21.6,59.3
21.6,59.5
21.5,58.9
21.6,58.7
21.6,58.8
21.6,58.9
21.6,58.8
21.6,59.4
21.6,58.5
21.6,58.4
21.6,58.6
21.6,58.4
21.6,58.3
21.6,58.9
21.6,58.3
21.6,59.0
21.6,58.5
21.6,58.6
21.6,59.2
21.5,58.6
21.6,58.6
21.5,58.6
21.6,58.6
21.5,58.4
21.5,59.0
21.5,59.0
21.5,58.2
21.5,58.8
21.5,58.1
21.5,58.7
21.6,58.2
21.5,58.8
21.5,58.3
21.5,58.3
21.6,58.3
21.6,58.3
21.6,58.8
21.5,58.0
21.6,57.8
21.5,58.4
21.5,58.2
21.5,57.7
21.6,57.8
21.6,58.0
21.5,58.8
21.6,58.2
21.5,58.7
21.5,58.0
21.6,58.0
21.6,58.1
21.6,58.3
21.5,58.9
21.6,59.0
21.6,58.3
21.6,58.3
21.5,58.5
21.5,59.1
21.5,59.0
21.5,58.4
21.5,58.5
21.5,58.5
21.5,58.4
21.5,59.1
21.5,58.3
21.5,58.3
21.5,58.4
21.5,59.1
21.5,58.6
21.5,58.6
21.5,58.7
21.5,59.2
21.5,58.5
21.5,58.5
21.5,58.4
21.5,58.5
21.5,58.5
21.5,58.5
21.5,58.5
21.5,58.4
21.5,59.3
21.5,58.6
21.5,59.4
21.5,58.6
21.5,58.6
21.5,58.7
21.5,59.4
21.5,59.4
21.5,58.6
21.5,58.5
21.5,58.5
21.5,58.4
21.5,59.1
21.5,58.4
21.5,58.4
21.5,58.3
21.5,58.4
21.5,58.3
21.5,59.0
21.5,58.3
21.5,58.2
21.5,58.2
21.5,59.1
21.5,59.0
21.5,59.1
21.5,58.5
21.5,59.2
21.5,59.2
21.5,58.5
21.5,58.4
21.5,58.3
21.5,58.2
21.5,58.2
21.5,58.2
21.5,58.8
21.5,58.1
21.5,58.2
21.5,58.8
21.5,58.3
21.5,58.3
21.5,58.2
21.5,58.3
21.5,58.3
21.5,58.3
21.5,59.0
21.5,58.4
21.5,58.4
21.5,58.5
21.5,58.4
21.5,58.5
21.6,59.2
21.5,59.1
21.5,59.2
21.5,58.4
21.6,58.9
21.5,58.1
21.5,58.7
21.5,58.0
21.5,58.1
21.5,58.2
21.5,58.2
21.5,58.1
21.5,58.1
21.5,58.0
21.5,58.1
21.5,58.1
21.5,59.0
21.5,58.4
21.5,59.0
21.6,58.4
21.5,58.4
21.5,58.4
21.5,58.4
21.5,59.2
21.6,59.0
21.5,58.3
21.6,58.3
21.6,58.3
21.5,58.2
21.5,58.8
21.5,58.1
21.6,58.0
21.5,58.8
21.5,58.2
21.5,58.9
21.5,59.0
21.5,58.9
21.6,58.3
21.5,58.0
21.5,58.1
21.5,58.0
21.5,58.2
21.5,58.1
21.5,58.0
21.5,58.6
21.5,58.1
21.5,58.7
21.5,58.2
21.5,58.2
21.5,58.3
21.5,58.3
21.5,59.0
21.5,58.9
21.5,58.3
21.5,59.0
21.5,58.3
21.5,58.3
21.5,58.9
21.5,58.2
21.5,58.9
21.5,58.3
21.5,59.1
21.5,58.5
21.5,59.2
21.5,58.5
21.5,59.0
21.5,58.2
21.5,58.2
21.5,58.2
21.5,58.3
21.5,58.5
21.5,58.5
21.5,58.6
21.5,59.2
21.5,58.6
21.5,58.6
21.5,58.6
21.5,59.1
21.5,58.4
21.5,58.4
21.5,59.0
21.5,58.9
21.5,58.2
21.5,58.1
21.5,58.1
21.5,58.2
21.5,58.3
21.5,58.8
21.5,58.7
21.5,58.0
21.5,58.6
21.5,58.5
21.5,57.9
21.5,57.9
21.5,58.5
21.5,57.9
21.5,57.9
21.5,58.5
21.5,58.5
21.5,58.4
21.5,57.9
21.5,57.8
21.5,58.4
21.5,57.9
21.5,58.3
21.5,57.7
21.5,57.6
21.6,57.6
21.5,57.7
21.5,57.8
21.5,58.6
21.5,58.6
21.5,58.1
21.5,58.8
21.5,58.2
21.5,58.3
21.5,58.9
21.5,58.2
21.5,58.3
21.5,58.9
21.5,58.2
21.5,58.8
21.5,58.1
21.5,58.6
21.5,58.5
21.5,57.8
21.5,57.6
21.5,57.4
21.5,57.8
21.5,57.1
21.5,57.5
21.5,56.7
21.5,56.7
21.5,56.5
21.5,56.4
21.5,56.4
21.5,56.3
21.5,56.2
21.5,56.8
21.5,56.2
21.5,56.7
21.5,56.7
21.5,56.1
21.5,56.1
21.5,56.8
21.5,56.1
21.5,56.7
21.5,56.2
21.5,56.8
21.5,56.2
21.5,56.3
21.5,56.2
21.5,56.2
21.5,56.3
21.5,56.7
21.5,56.1
21.5,56.7
21.5,56.0
21.5,56.0
21.5,56.8
21.5,56.8
21.5,56.9
21.5,56.9
21.5,56.9
21.5,56.3
21.5,56.3
21.5,56.9
21.5,56.2
21.5,56.2
21.5,56.3
21.5,56.9
21.4,56.3
21.4,56.7
21.4,56.6
21.5,57.4
21.5,56.8
21.5,57.2
21.4,56.7
21.4,56.5
21.5,56.6
21.5,56.6
21.4,57.3
21.4,56.5
21.5,56.6
21.5,56.5
21.4,56.5
21.5,57.1
21.4,57.2
21.4,57.1
21.4,56.5
21.4,56.5
21.4,57.2
21.4,57.2
21.5,57.1
21.4,56.5
21.5,56.5
21.5,56.5
21.4,57.3
21.4,57.3
21.4,56.7
21.4,56.6
21.5,56.6
21.4,56.7
21.5,56.7
21.5,57.3
21.4,56.7
21.4,57.2
21.5,56.7
21.5,56.8
21.5,56.7
21.5,56.7
21.5,56.7
21.5,56.7
21.5,56.7
21.5,56.7
21.5,57.3
21.5,56.6
21.5,57.3
21.5,56.7
21.5,56.6
21.5,56.7
21.5,56.6
21.5,56.6
21.5,56.6
21.5,57.3
21.5,56.7
21.5,56.6
21.5,56.7
21.5,56.7
21.5,56.7
21.5,57.3
21.5,56.6
21.5,57.3
21.5,56.7
21.5,57.3
21.5,56.7
21.5,56.7
21.5,56.7
21.5,57.4
21.5,57.3
21.5,56.7
21.5,56.7
21.5,57.3
21.5,57.3
21.5,56.7
21.5,56.8
21.5,56.8
21.5,56.7
21.5,56.8
21.5,57.5
21.5,57.0
21.5,57.7
21.5,57.0
21.5,57.0
21.5,57.0
21.5,57.0
21.5,57.0
21.5,57.0
21.5,56.8
21.5,56.8
21.5,56.9
21.5,57.8
21.5,57.3
21.5,57.4
21.5,57.5
21.5,57.6
21.5,58.2
21.5,57.5
21.5,57.5
21.5,57.3
21.5,57.8
21.5,57.0
21.5,56.8
21.5,57.3
21.5,56.6
21.5,56.5
21.5,57.2
21.5,56.5
21.5,57.0
21.5,56.4
21.5,56.4
21.5,56.5
21.5,56.6
21.5,56.5
21.5,56.5
21.5,56.5
21.5,56.5
21.5,57.2
21.6,57.2
21.5,57.3
21.5,56.5
21.6,56.5
21.6,57.2
21.6,56.5
21.6,57.2
21.6,56.5
21.6,56.5
21.6,56.5
21.6,57.1
21.6,56.5
21.6,56.9
21.6,56.3
21.6,56.2
21.6,56.2
21.6,56.2
21.6,56.2
21.6,56.9
21.6,56.2
21.6,56.2
21.6,56.1
21.7,56.1
21.7,56.7
21.7,56.0
21.7,56.1
21.7,56.0
21.7,56.0
21.7,56.6
21.7,56.0
21.7,55.9
21.7,56.6
21.7,55.9
21.7,55.9
21.8,56.6
21.8,56.6
21.8,55.8
21.8,55.9
21.8,56.5
21.8,56.5
21.8,55.8
21.8,55.7
21.8,55.8
21.8,56.5
21.8,55.8
21.8,55.7
21.9,55.8
21.8,56.5
21.8,55.9
21.8,55.9
21.8,56.6
21.8,56.0
21.8,56.0
21.8,55.9
21.8,56.1
21.8,56.1
21.8,56.2
21.8,56.4
21.8,56.6
21.8,57.4
21.8,56.7
21.8,57.5
21.8,56.9
21.7,56.9
21.7,57.1
21.7,57.1
21.7,57.2
21.7,57.2
21.7,57.9
21.7,57.3
21.7,58.0
21.7,57.3
21.7,58.1
21.7,57.4
21.7,57.4
21.6,57.5
21.6,57.6
21.6,57.4
21.6,57.8
21.6,57.1
21.6,56.9
21.6,57.5
21.6,56.6
21.6,57.2
21.6,56.6
21.6,57.4
21.6,56.5
21.6,56.4
21.6,57.1
21.6,57.1
21.6,56.3
21.6,56.3
21.6,56.2
21.6,56.2
21.6,56.2
21.6,56.2
21.6,56.1
21.6,56.1
21.6,56.1
21.6,56.7
21.6,56.1
21.6,56.7
21.6,56.1
21.6,56.1
21.7,56.3
21.6,56.2
21.6,56.3
21.6,56.2
21.6,56.8
21.6,56.1
21.6,56.1
21.6,56.1
21.6,56.1
21.6,56.1
21.6,56.0
21.6,56.7
21.6,56.0
21.7,56.7
21.7,56.0
21.6,56.0
21.6,56.0
21.6,56.0
21.6,56.0
21.6,56.7
21.6,56.0
21.6,56.0
21.6,56.7
21.6,56.7
21.7,56.7
21.7,55.9
21.6,55.9
21.6,56.0
21.6,56.0
21.7,56.0
21.6,56.7
21.6,56.7
21.6,56.0
21.6,56.7
21.6,56.0
21.7,56.0
21.7,56.0
21.7,56.1
21.6,56.7
21.7,56.0
21.7,56.0
21.6,56.0
21.7,56.0
21.7,56.0
21.6,56.0
21.7,56.0
21.6,56.0
21.7,56.0
21.6,56.8
21.7,56.1
21.6,56.1
21.6,56.1
21.6,56.8
21.6,56.3
21.6,56.3
21.6,56.3
21.6,56.9
21.6,56.8
21.6,56.1
21.7,56.3
21.6,56.2
21.6,56.2
21.6,56.2
21.6,56.2
21.6,57.0
21.6,57.0
21.6,56.4
21.6,56.4
21.6,56.4
21.6,57.0
21.6,56.9
21.6,56.3
21.6,56.4
21.6,57.2
21.6,56.6
21.6,56.7
21.6,56.7
21.6,56.7
21.6,56.7
21.6,57.4
21.6,56.6
21.6,56.6
21.6,56.6
21.6,56.6
21.6,56.8
21.6,57.6
21.6,57.8
21.6,57.2
21.5,57.7
21.6,57.6
21.6,57.0
21.6,56.9
21.6,56.8
21.6,56.7
21.6,56.7
21.6,56.7
21.5,57.3
21.6,56.6
21.6,56.6
21.6,56.6
21.6,57.3
21.6,56.7
21.5,56.8
21.6,57.6
21.6,56.8
21.6,56.8
21.6,56.8
21.6,57.4
21.5,56.8
21.5,57.4
21.6,56.8
21.6,56.8
21.6,56.7
21.5,56.7
21.5,57.4
21.6,56.7
21.5,56.9
21.5,57.7
21.5,56.9
21.5,56.9
21.5,56.9
21.5,56.9
21.5,56.8
21.5,56.8
21.5,56.8
21.5,57.7
21.5,57.1
21.5,57.2
21.5,57.2
21.5,57.1
21.5,57.0
21.5,57.0
21.5,57.0
21.5,57.0
21.5,57.2
21.5,57.2
21.5,57.3
21.5,57.3
21.5,57.2
21.5,57.2
21.5,57.2
21.5,57.3
21.5,57.2
21.5,57.3
21.5,57.2
21.5,57.9
21.5,57.2
21.5,57.2
21.5,57.8
21.5,57.7
21.5,57.0
21.5,57.0
21.5,57.0
21.5,56.9
21.5,57.6
21.5,56.9
21.5,57.0
21.5,57.1
21.5,57.7
21.5,57.7
21.5,57.1
21.5,57.2
21.5,57.2
21.5,57.1
21.5,57.1
21.5,57.2
21.5,57.8
21.5,57.1
21.5,57.2
21.5,57.2
21.5,57.2
21.5,57.1
21.5,57.8
21.5,57.1
21.5,57.7
21.5,57.7
21.5,57.6
21.5,57.1
21.5,57.7
21.5,57.3
21.5,57.3
21.5,57.3
21.5,57.9
21.5,57.8
21.5,57.2
21.5,57.1
21.5,57.1
21.5,57.1
21.5,57.8
21.5,57.7
21.5,57.1
21.5,57.7
21.5,57.1
21.5,57.2
21.5,57.2
21.5,57.0
21.5,57.7
21.5,57.1
21.5,57.7
21.5,57.0
21.5,57.0
21.5,57.0
21.5,57.7
21.5,57.6
21.5,56.9
21.5,56.9
21.5,56.9
21.5,57.0
21.5,57.6
21.5,57.0
21.5,57.0
21.5,57.8
21.5,57.0
21.5,57.1
21.5,57.1
21.5,57.1
21.5,57.1
21.5,57.0
21.5,57.6
21.5,57.1
21.5,57.0
21.5,57.0
21.5,57.6
21.5,57.0
21.5,57.5
21.5,57.7
21.5,57.1
21.5,57.6
21.5,56.9
21.5,57.1
21.5,57.1
21.5,57.1
21.5,57.1
21.5,57.1
21.5,57.1
21.5,57.1
21.5,57.8
21.5,57.9
21.5,57.5
21.5,57.5
21.5,57.4
21.5,57.5
21.5,58.0
21.5,58.2
21.5,57.5
21.5,57.5
21.5,57.4
21.5,57.4
21.5,57.4
21.5,57.4
21.5,57.3
21.5,57.2
21.5,57.1
21.5,57.1
21.5,57.0
21.5,56.9
21.5,56.8
21.5,56.9
21.5,56.9
21.5,56.8
21.5,56.8
21.5,56.8
21.5,56.7
21.5,56.8
21.5,56.7
21.5,56.7
21.5,56.6
21.5,57.3
21.5,57.3
21.5,56.7
21.5,56.7
21.5,56.7
21.5,57.2
21.5,56.6
21.5,57.3
21.5,57.2
21.5,56.6
21.5,56.6
21.5,56.6
21.5,56.6
21.5,56.6
21.4,56.6
21.4,56.7
21.5,56.6
21.4,57.1
21.4,57.2
21.5,56.7
21.4,56.6
21.4,56.6
21.5,56.8
21.4,56.7
21.4,57.3
21.4,56.7
21.4,56.6
21.4,56.6
21.4,57.3
21.4,57.4
21.4,56.6
21.4,56.6
21.4,56.6
21.4,56.6
21.4,57.3
21.4,56.6
21.4,56.6
21.4,56.7
21.4,56.8
21.4,56.9
21.4,56.9
21.4,57.6
21.4,57.0
21.4,57.1
21.4,57.2
21.4,57.0
21.4,57.7
21.4,57.1
21.4,57.7
21.4,57.3
21.4,57.2
21.4,57.7
21.4,57.8
21.4,57.8
21.4,57.7
21.4,57.1
21.4,57.1
21.4,57.1
21.4,56.9
21.4,57.0
21.4,56.9
21.4,56.9
21.4,57.5
21.4,57.6
21.4,56.8
21.4,57.5
21.4,56.8
21.4,57.6
21.4,57.0
21.4,57.0
21.4,57.7
21.4,57.1
21.4,57.1
21.4,57.7
21.4,57.2
21.4,57.8
21.4,57.1
21.4,57.7
21.4,57.7
21.4,57.8
21.4,57.3
21.4,57.3
21.4,57.2
21.4,57.2
21.4,57.3
21.4,57.8
21.4,57.8
21.4,57.3
21.4,57.2
21.4,57.3
21.4,57.8
21.4,57.3
21.4,57.3
21.4,57.2
21.4,57.3
21.4,57.4
21.4,58.0
21.4,57.4
21.4,57.3
21.4,57.3
21.4,57.4
21.4,57.9
21.4,57.3
21.4,57.4
21.4,58.0
21.4,57.3
21.4,57.8
21.4,58.0
21.4,57.9
21.4,57.9
21.4,58.0
21.4,57.5
21.4,57.4
21.4,57.9
21.4,57.3
21.4,58.0
21.4,58.0
21.4,57.3
21.4,57.5
21.4,58.2
21.4,57.5
21.4,57.4
21.4,58.0
21.4,57.4
21.4,57.3
21.4,58.0
21.4,57.9
21.4,57.3
21.4,57.3
21.4,57.3
21.4,57.4
21.4,57.4
21.4,57.4
21.4,58.0
21.4,58.1
21.4,57.5
21.4,58.1
21.4,57.5
21.4,57.5
21.4,57.5
21.4,57.5
21.4,58.1
21.4,57.4
21.4,57.4
21.4,57.3
21.4,57.4
21.4,57.4
21.4,57.4
21.4,57.5
21.4,58.1
21.4,57.4
21.4,57.3
21.4,57.2
21.4,57.4
21.4,57.2
21.4,57.3
21.5,57.9
21.4,57.4
21.5,57.9
21.5,57.3
21.5,57.3
21.5,57.9
21.4,57.4
21.5,57.4
21.5,57.9
21.4,57.3
21.4,57.9
21.4,57.9
21.4,58.0
21.5,57.9
21.4,57.9
21.5,57.4
21.5,57.4
21.5,57.9
21.5,57.5
21.5,57.5
21.5,58.0
21.5,57.5
21.5,58.2
21.5,57.5
21.5,57.5
21.5,57.5
21.5,58.2
21.5,57.6
21.5,58.3
21.5,58.3
21.5,58.2
21.5,57.6
21.5,58.1
21.5,58.2
21.5,57.7
21.5,57.7
21.5,57.7
21.5,57.8
21.5,57.7
21.5,58.4
21.5,58.4
21.5,57.7
21.5,57.8
21.5,57.9
21.5,57.8
21.5,57.8
21.5,57.8
21.5,57.8
21.5,57.8
21.5,57.8
21.5,57.9
21.5,57.9
21.5,58.6
21.5,57.8
21.5,57.8
21.5,58.4
21.5,57.8
21.5,57.9
21.5,58.5
21.6,57.9
21.5,57.9
21.5,58.5
21.5,57.9
21.5,58.0
21.5,58.5
21.6,58.0
21.5,58.0
21.6,58.5
21.5,57.9
21.6,58.0
21.6,57.9
21.6,58.0
21.6,58.0
21.6,58.1
21.6,58.7
21.6,58.7
21.6,57.9
21.6,58.0
21.6,58.0
21.6,58.0
21.6,58.0
21.6,57.9
21.6,58.0
21.6,58.6
21.6,58.0
21.6,57.9
21.6,58.7
21.6,58.0
21.6,58.7
21.6,58.0
21.6,58.0
21.6,58.7
21.6,58.1
21.6,58.1
21.6,58.7
21.6,58.8
21.6,58.7
21.6,58.1
21.6,58.1
21.6,58.6
21.6,58.0
21.6,58.1
21.6,58.0
21.6,58.5
21.6,58.0
21.6,58.7
21.6,58.1
21.6,58.7
21.6,58.0
21.6,58.0
21.6,58.0
21.6,58.0
21.5,58.0
21.5,58.0
21.5,58.0
21.5,58.5
21.5,58.0
21.5,58.0
21.5,58.0
21.5,58.0
21.5,58.6
21.5,58.0
21.5,58.0
21.5,58.5
21.5,58.4
21.5,57.8
21.5,58.4
21.5,57.8
21.5,57.9
21.5,58.5
21.5,57.9
21.5,57.9
21.5,58.5
21.5,58.5
21.5,58.6
21.5,58.5
21.5,57.8
21.5,57.8
21.5,57.9
21.5,57.9
21.5,58.5
21.5,58.0
21.5,57.9
21.5,58.0
21.5,58.0
21.5,58.0
21.5,58.0
21.5,58.6
21.4,57.9
21.4,57.9
21.5,57.9
21.5,57.9
21.5,58.0
21.4,57.9
21.5,58.0
21.5,57.9
21.5,57.9
21.5,58.6
21.5,58.1
21.5,58.6
21.4,58.6
21.5,58.0
21.5,58.2
21.5,58.6
21.5,58.1
21.5,58.1
21.5,58.2
21.4,58.1
21.5,58.1
21.5,58.7
21.5,58.0
21.5,58.7
21.5,58.1
21.4,58.0
21.5,57.9
21.4,58.1
21.5,58.7
21.4,58.1
21.4,58.2
21.4,58.1
21.4,58.2
21.5,58.2
21.4,58.3
21.4,58.8
21.4,58.2
21.4,58.1
21.4,58.6
21.4,58.1
21.4,58.1
21.4,58.2
21.4,58.1
21.4,58.2
21.4,58.2
21.4,58.9
21.4,58.2
21.4,58.4
21.4,59.0
21.4,59.0
21.4,58.3
21.4,58.4
21.4,59.1
21.4,58.5
21.4,58.3
21.4,58.4
21.4,58.5
21.4,58.5
21.4,59.1
21.4,58.5
21.4,58.9
21.4,58.5
21.4,59.1
21.4,59.1
21.4,58.6
21.4,58.6
21.4,58.6
21.4,59.2
21.4,59.1
21.4,59.1
21.4,58.6
21.4,58.7
21.4,58.6
21.4,59.1
21.4,58.6
21.4,58.6
21.4,59.1
21.4,58.6
21.4,58.6
21.4,58.6
21.4,58.6
21.4,58.6
21.4,59.4
21.4,59.3
21.4,59.3
21.4,58.6
21.4,58.6
21.4,58.6
21.4,59.2
21.4,58.7
21.4,58.6
21.4,59.1
21.4,58.6
21.4,59.3
21.4,58.6
21.4,58.6
21.4,58.6
21.4,58.7
21.4,58.6
21.4,59.2
21.4,58.7
21.4,58.7
21.4,58.7
21.4,58.7
21.4,58.7
21.4,59.3
21.4,59.2
21.4,59.3
21.4,58.7
21.4,58.7
21.4,58.7
21.4,58.7
21.4,58.6
21.4,58.6
21.4,58.7
21.4,59.3
21.4,59.2
21.4,58.6
21.4,59.3
21.4,58.7
21.4,58.7
21.4,59.4
21.4,59.2
21.4,58.8
21.4,58.8
21.4,58.7
21.4,58.7
21.4,58.7
21.4,59.4
21.4,58.7
21.4,58.7
21.4,59.3
21.4,59.3
21.4,59.4
21.4,58.7
21.4,58.7
21.4,59.3
21.4,59.3
21.4,59.4
21.4,58.8
21.4,59.2
21.4,59.4
21.4,59.4
21.4,59.3
21.4,58.8
21.4,58.9
21.4,59.3
21.4,58.9
21.4,58.8
21.4,59.4
21.4,58.8
21.4,58.9
21.4,58.8
21.4,59.5
21.4,58.8
21.4,59.4
21.4,59.4
21.4,59.4
21.4,59.4
21.4,59.4
21.4,58.7
21.4,59.4
21.4,58.8
21.4,58.8
21.4,59.5
21.4,59.4
21.4,58.7
21.4,58.8
21.4,59.3
21.4,58.7
21.4,58.7
21.4,59.3
21.4,59.3
21.4,58.7
21.4,58.7
21.4,58.8
21.4,58.7
21.4,59.3
21.4,58.8
21.4,58.8
21.4,58.7
21.4,59.3
21.4,58.8
21.4,59.5
21.4,58.9
21.4,58.8
21.4,58.9
21.4,59.4
21.4,58.8
21.4,59.3
21.4,59.5
21.4,59.5
21.4,59.5
21.4,58.9
21.4,59.5
21.4,59.5
21.4,58.9
21.4,59.4
21.4,58.9
21.4,58.9
21.4,58.8
21.4,59.5
21.4,58.8
21.4,58.8
21.4,59.5
21.4,58.9
21.4,59.3
21.4,58.8
21.4,58.9
21.4,59.4
21.4,58.9
21.4,58.8
21.4,59.5
21.4,58.8
21.4,58.9
21.4,58.9
21.4,58.9
21.4,59.5
21.4,59.4
21.4,59.6
21.4,58.9
21.4,59.0
21.4,59.0
21.3,58.9
21.4,58.9
21.3,59.5
21.4,58.9
21.4,59.5
21.4,59.0
21.4,59.5
21.4,59.0
21.4,59.6
21.4,59.0
21.4,59.6
21.4,59.1
21.4,59.2
21.3,59.1
21.4,59.1
21.4,59.2
21.3,59.1
21.4,59.1
21.4,59.6
21.4,59.0
21.4,59.6
21.4,59.6
21.4,59.0
21.3,59.5
21.4,59.0
21.4,59.0
21.4,59.0
21.4,59.6
21.3,59.5
21.4,59.6
21.4,59.7
21.3,59.1
21.4,59.7
21.4,59.7
21.3,59.6
21.4,59.0
21.3,59.1
21.3,59.7
21.3,59.2
21.3,59.0
21.3,59.0
21.3,59.0
21.3,59.1
21.3,59.5
21.4,59.7
21.4,59.2
21.4,59.5
21.3,59.0
21.3,59.1
21.4,59.0
21.3,59.0
21.4,58.9
21.3,59.0
21.3,59.6
21.3,59.1
21.4,59.0
21.4,59.6
21.3,59.0
21.3,59.1
21.3,59.0
21.3,59.1
21.3,59.1
21.3,59.6
21.3,59.0
21.3,59.7
21.3,59.0
21.3,59.6
21.3,59.6
21.3,59.5
21.3,59.2
21.3,59.6
21.3,59.1
21.3,59.0
21.3,59.2
21.3,59.6
21.3,59.0
21.3,59.0
21.3,59.5
21.3,59.2
21.3,59.6
21.3,59.1
21.3,59.6
21.3,59.1
21.3,59.6
21.3,59.1
21.3,59.6
21.3,59.6
21.3,59.1
21.3,59.5
21.3,59.1
21.3,59.1
21.3,59.1
21.3,59.1
21.3,59.7
21.3,59.2
21.3,59.7
21.3,59.6
21.3,59.1
21.3,59.1
21.3,59.2
21.3,59.8
21.3,59.3
21.3,59.3
21.3,59.1
21.3,59.1
21.3,59.3
21.3,59.3
21.3,59.1
21.3,59.2
21.3,59.2
21.3,59.7
21.3,59.2
21.3,59.2
21.3,59.2
21.3,59.7
21.3,59.2
21.3,59.8
21.3,59.2
21.3,59.2
21.3,59.2
21.3,59.3
21.3,59.4
21.3,59.8
21.3,59.8
21.3,59.3
21.3,59.3
21.3,59.3
21.3,59.3
21.3,59.8
21.3,59.9
21.3,59.7
21.3,59.8
21.3,59.4
21.3,59.9
21.3,59.3
21.3,59.8
21.3,59.9
21.3,59.2
21.3,59.3
21.3,59.3
21.3,59.2
21.3,59.8
21.3,59.3
21.3,59.7
21.3,59.3
21.3,59.3
21.3,59.3
21.3,59.8
21.3,59.2
21.3,59.8
21.3,59.3
21.3,59.4
21.3,60.1
21.3,60.4
21.3,60.6
21.3,60.7
21.3,60.3
21.3,60.5
21.3,60.5
21.4,61.2
21.3,60.7
21.4,61.3
21.4,61.3
21.4,60.8
21.4,60.9
21.4,61.4
21.4,61.0
21.4,61.5
21.4,61.6
21.4,61.0
21.4,61.4
21.4,61.3
21.4,60.8
21.4,60.7
21.4,61.4
21.4,60.7
21.4,60.8
21.4,60.8
21.4,61.3
21.4,60.8
21.4,60.8
21.4,60.8
21.5,60.9
21.4,61.6
21.4,60.8
21.5,61.4
21.4,61.5
21.4,61.6
21.5,61.6
21.5,61.7
21.5,61.1
21.5,61.7
21.5,61.1
21.5,61.1
21.5,61.8
21.5,61.8
21.5,61.1
21.5,61.1
21.5,61.2
21.5,61.1
21.5,61.7
21.5,61.2
21.5,61.8
21.5,61.7
21.5,61.7
21.5,61.1
21.5,61.1
21.5,61.8
21.5,61.8
21.5,61.8
21.5,61.2
21.5,61.2
21.6,61.1
21.5,61.1
21.6,61.1
21.6,61.1
21.6,61.2
21.6,61.2
21.6,61.2
21.6,61.2
21.6,61.3
21.6,61.2
21.6,61.2
21.6,61.2
21.6,61.1
21.6,61.2
21.6,61.2
21.6,61.2
21.6,61.2
21.6,61.2
21.6,61.2
21.6,61.9
21.6,61.2
21.6,61.2
21.6,61.2
21.6,61.9
21.6,61.2
21.6,61.8
21.6,61.1
21.6,61.2
21.6,61.2
21.6,61.2
21.6,61.2
21.6,61.2
21.6,61.2
21.6,61.2
21.6,61.3
21.6,61.2
21.6,61.2
21.6,62.0
21.6,61.2
21.6,61.9
21.6,61.2
21.6,61.2
21.6,61.2
21.6,61.2
21.6,61.3
21.6,61.3
21.7,61.9
21.6,61.2
21.7,61.3
21.6,61.3
21.7,61.3
21.7,61.8
21.6,61.3
21.7,61.3
21.7,61.3
21.7,61.3
21.7,61.3
21.7,61.3
21.7,61.2
21.7,61.3
21.7,62.0
21.7,61.9
21.7,61.2
21.7,61.3
21.7,61.2
21.7,61.3
21.7,61.2
21.7,61.2
21.7,61.2
21.7,61.3
21.7,61.1
21.7,61.1
21.7,61.1
21.7,61.1
21.7,61.1
21.7,61.1
21.7,61.8
21.7,61.1
21.7,61.9
21.7,61.8
21.7,61.2
21.7,61.2
21.7,61.2
21.7,61.2
21.7,61.2
21.7,61.2
21.7,61.2
21.7,61.2
21.7,61.1
21.7,61.8
21.7,61.1
21.7,61.2
21.7,61.2
21.7,62.0
21.7,61.9
21.7,61.2
21.7,61.2
21.7,61.9
21.7,61.9
21.7,61.2
21.7,61.3
21.7,61.9
21.7,61.3
21.7,61.2
21.7,61.8
21.7,61.9
21.7,61.8
21.7,61.8
21.7,61.8
21.7,61.1
21.7,61.2
21.7,61.1
21.7,61.1
21.7,61.9
21.7,61.2
21.7,61.2
21.7,61.9
21.7,61.2
21.7,61.2
21.7,61.2
21.7,61.3
21.7,61.2
21.7,61.2
21.7,61.2
21.7,62.0
21.7,61.3
21.7,62.0
21.7,62.0
21.7,61.9
21.7,61.3
21.7,61.3
21.7,61.2
21.7,61.2
21.7,61.2
21.7,61.1
21.7,61.2
21.7,61.2
21.8,62.0
21.8,61.3
21.8,61.3
21.8,61.9
21.8,61.9
21.8,61.2
21.8,61.2
21.8,61.3
21.8,61.2
21.8,61.3
21.8,61.9
21.8,61.3
21.8,61.3
21.8,61.3
21.8,62.0
21.8,62.0
21.8,62.0
21.8,61.3
21.8,61.3
21.8,61.3
21.8,61.3
21.8,61.3
21.8,61.9
21.8,61.2
21.8,61.9
21.8,61.3
21.8,61.3
21.8,61.9
21.8,61.3
21.8,61.3
21.8,61.3
21.8,61.3
21.8,61.3
21.8,62.1
21.8,61.3
21.8,61.3
21.8,61.3
21.8,62.0
21.8,61.3
21.8,61.3
21.8,61.3
21.8,61.3
21.8,61.2
21.8,61.9
21.8,61.3
21.8,61.2
21.8,61.2
21.8,61.3
21.8,61.3
21.8,62.0
21.8,61.3
21.8,61.3
21.8,61.3
21.8,61.3
21.8,61.3
21.8,61.3
21.8,61.3
21.8,61.2
21.8,61.9
21.8,61.2
21.8,61.9
21.8,61.9
21.8,61.2
21.8,61.3
21.8,61.3
21.8,61.3
21.8,61.3
21.8,61.3
21.8,62.1
21.8,61.3
21.8,62.0
21.8,61.3
21.8,62.0
21.8,61.9
21.8,61.3
21.8,61.2
21.8,61.2
21.8,61.3
21.8,61.2
21.8,61.9
21.8,61.3
21.8,61.3
21.8,61.9
21.8,61.2
21.8,61.2
21.8,61.9
21.8,61.9
21.8,61.2
21.8,61.2
21.8,61.2
21.8,61.2
21.8,61.2
21.8,61.9
21.8,61.2
21.8,61.1
21.8,61.1
21.8,61.9
21.8,61.2
21.8,61.9
21.8,61.1
21.8,61.2
21.8,61.2
21.8,61.1
21.8,61.9
21.8,61.2
21.8,61.2
21.8,61.1
21.8,61.9
21.8,61.2
21.8,61.2
21.8,61.2
21.8,61.1
21.8,61.8
21.8,61.2
21.8,61.2
21.8,61.1
21.8,61.2
21.8,61.2
21.8,61.2
21.8,61.2
21.8,61.2
21.8,61.3
21.8,61.2
21.8,61.2
21.8,61.9
21.8,61.2
21.8,61.2
21.8,62.0
21.8,61.3
21.8,61.2
21.9,61.2
21.9,61.9
21.8,61.2
21.8,61.2
21.8,61.2
21.8,61.7
21.8,61.0
21.8,60.8
21.8,60.7
21.8,60.6
21.8,61.1
21.8,60.4
21.8,60.3
21.8,60.2
21.8,60.2
21.8,60.1
21.8,60.2
21.8,60.2
21.8,61.0
21.8,60.2
21.8,60.2
21.8,60.3
21.8,61.0
21.8,60.2
21.8,60.2
21.8,60.2
21.8,60.1
21.7,60.8
21.8,60.1
21.8,60.7
21.7,59.9
21.7,60.6
21.7,59.9
21.7,60.6
21.7,59.8
21.7,59.8
21.7,59.8
21.7,59.7
21.7,59.7
21.7,59.7
21.7,59.7
21.7,59.6
21.7,60.2
21.7,59.6
21.7,60.3
21.7,59.5
21.7,60.2
21.7,59.5
21.7,59.5
21.7,59.5
21.7,60.2
21.7,59.4
21.7,60.1
21.7,59.4
21.7,59.4
21.7,59.4
21.7,59.5
21.7,59.5
21.7,59.4
21.7,60.1
21.6,59.5
21.7,59.5
21.6,59.5
21.7,59.6
21.6,59.4
21.7,60.1
21.6,59.5
21.6,60.2
21.6,59.5
21.6,59.5
21.6,60.1
21.6,60.1
21.6,59.5
21.6,59.5
21.6,59.5
21.6,59.4
21.6,59.5
21.6,60.2
21.6,59.4
21.6,59.5
21.6,59.4
21.6,59.4
21.6,59.4
21.6,59.5
21.6,59.4
21.6,59.5
21.6,60.2
21.6,59.5
21.6,59.5
21.6,59.6
21.6,60.3
21.6,59.6
21.6,59.6
21.6,59.6
21.6,59.7
21.6,59.6
21.5,59.6
21.6,59.7
21.6,60.4
21.6,59.7
21.6,60.3
21.6,59.6
21.6,59.6
21.6,59.6
21.6,59.5
21.6,59.6
21.6,59.4
21.5,60.1
21.6,60.1
21.6,59.4
21.6,59.4
21.6,59.3
21.6,59.3
21.6,59.9
21.5,59.2
21.5,59.3
21.5,59.2
21.5,59.2
21.5,59.2
21.6,59.2
21.5,59.3
21.5,59.2
21.5,59.2
21.5,59.8
21.5,59.2
21.5,59.2
21.5,59.3
21.5,59.3
21.5,59.3
21.5,60.0
21.5,59.9
21.5,60.0
21.5,59.9
21.5,59.9
21.5,59.2
21.5,59.3
21.5,59.3
21.5,59.4
21.5,59.4
21.5,59.4
21.5,59.5
21.5,60.1
21.5,59.4
21.5,60.2
21.5,60.1
21.5,60.2
21.5,59.5
21.5,59.5
21.5,59.5
21.5,59.5
21.5,59.6
21.5,59.5
21.5,59.5
21.5,60.2
21.5,59.4
21.5,59.5
21.5,59.5
21.5,59.6
21.5,59.4
21.5,60.0
21.5,59.4
21.5,59.5
21.5,59.4
21.5,59.4
21.5,60.1
21.5,60.1
21.5,59.4
21.5,59.5
21.5,60.0
21.5,60.1
21.5,59.3
21.5,59.3
21.5,59.3
21.5,59.4
21.5,60.0
21.5,59.3
21.5,59.4
21.5,59.4
21.5,59.4
21.5,60.0
21.5,59.3
21.5,59.4
21.5,60.0
21.5,59.4
21.5,59.4
21.5,59.3
21.5,59.4
21.5,59.4
21.5,59.4
21.5,59.4
21.5,59.3
21.5,59.3
21.5,59.4
21.5,59.4
21.4,59.9
21.4,60.0
21.5,60.1
21.5,60.0
21.5,59.5
21.5,59.5
21.5,59.6
21.5,59.5
21.5,59.5
21.5,60.1
21.5,59.5
21.5,59.6
21.4,59.5
21.5,59.5
21.4,59.4
21.5,59.5
21.4,60.2
21.4,59.4
21.4,60.1
21.4,59.5
21.5,59.6
21.4,60.2
21.4,60.2
21.5,59.6
21.5,59.5
21.4,59.6
21.5,59.7
21.4,59.7
21.4,59.8
21.4,59.8
21.4,59.7
21.4,59.8
21.5,60.4
21.5,59.8
21.4,59.8
21.5,59.8
21.5,59.8
21.4,59.8
21.5,59.8
21.5,59.8
21.5,60.5
21.5,59.9
21.5,59.8
21.5,59.8
21.5,59.9
21.5,60.5
21.5,60.5
21.5,60.5
21.5,59.8
21.5,59.9
21.5,59.9
21.5,60.0
21.5,60.4
21.5,60.4
21.5,60.4
21.5,59.9
21.5,59.8
21.5,60.5
21.5,59.8
21.5,60.5
21.5,59.8
21.5,60.4
21.5,59.7
21.5,59.8
21.5,59.8
21.5,60.5
21.5,59.7
21.5,59.7
21.5,59.8
21.5,59.7
21.5,60.4
21.5,59.7
21.5,59.7
21.5,59.7
21.5,59.7
21.5,60.4
21.5,59.7
21.5,59.7
21.5,59.8
21.5,60.4
21.5,59.8
21.5,59.7
21.5,60.5
21.5,59.7
21.5,59.9
21.5,59.9
21.5,59.9
21.5,59.9
21.5,59.9
21.5,59.9
21.5,60.6
21.5,59.9
21.5,59.9
21.5,60.6
21.5,59.9
21.5,59.8
21.5,59.8
21.5,59.8
21.5,59.8
21.6,59.8
21.6,59.9
21.5,59.9
21.5,59.8
21.6,59.8
21.6,59.9
21.5,60.4
21.6,59.9
21.6,59.8
21.6,59.9
21.6,59.8
21.6,59.8
21.6,60.5
21.6,59.9
21.6,60.0
21.6,60.0
21.6,60.0
21.6,60.2
21.6,60.1
21.6,60.3
21.6,61.0
21.6,60.3
21.6,60.3
21.6,60.2
21.6,60.3
21.6,61.0
21.6,60.4
21.6,61.0
21.6,60.3
21.6,61.0
21.6,60.3
21.6,60.4
21.6,60.5
21.6,60.5
21.6,61.3
21.6,60.8
21.6,60.6
21.6,60.7
21.6,60.8
21.6,60.8
21.7,60.9
21.7,60.9
21.7,60.9
21.7,60.9
21.7,60.9
21.7,61.6
21.7,60.9
21.7,61.0
21.7,61.4
21.7,61.9
21.8,61.9
21.8,61.7
21.8,61.5
21.8,61.4
21.8,61.2
21.8,61.9
21.9,61.2
21.9,61.1
21.9,61.2
21.9,61.0
21.9,61.7
22.0,61.6
22.0,60.8
22.0,60.8
21.9,61.5
22.0,61.5
22.0,61.5
22.0,61.5
22.0,60.8
22.0,60.9
22.0,60.8
22.0,60.8
22.0,61.5
22.0,61.4
22.0,61.5
22.0,60.8
22.0,61.4
22.0,60.7
22.0,61.5
22.0,61.4
22.0,60.8
22.0,60.9
22.0,60.9
22.0,61.7
22.0,61.7
22.1,61.1
22.0,61.0
22.1,61.7
22.1,61.7
22.0,61.6
22.0,60.9
22.1,61.1
22.1,61.0
22.1,61.7
22.0,61.7
22.1,61.8
22.0,61.8
22.1,61.2
22.0,61.2
22.0,61.2
22.1,61.3
22.1,62.0
22.1,62.1
22.1,61.4
22.1,61.5
22.1,61.6
22.1,61.6
22.1,61.6
22.1,61.7
22.1,61.7
22.1,61.7
22.1,61.7
22.1,62.4
22.1,62.4
22.1,62.3
22.1,61.7
22.1,62.3
22.1,61.8
22.1,61.8
22.1,61.9
22.1,62.5
22.1,62.6
22.1,62.7
22.1,62.7
22.1,62.1
22.1,62.3
22.1,62.9
22.1,62.3
22.1,62.9
22.1,62.8
22.1,62.3
22.1,62.9
22.1,63.0
22.1,62.5
22.1,62.4
22.1,62.7
22.1,62.7
22.1,62.6
22.1,62.6
22.1,63.2
22.1,62.9
22.1,62.6
22.1,61.7
22.1,62.2
22.1,61.4
22.1,61.1
22.0,61.1
22.0,60.9
22.0,61.6
22.0,61.5
22.0,60.9
22.0,60.8
22.0,60.7
22.0,60.7
22.0,60.7
22.0,60.7
22.0,60.8
22.0,60.7
22.0,60.8
22.0,60.7
21.9,60.7
21.9,60.8
21.9,60.7
21.9,60.8
21.9,60.8
21.9,60.8
21.9,60.7
21.9,61.4
21.9,61.4
21.9,60.8
21.9,60.8
21.9,61.4
21.9,61.6
21.9,61.6
21.9,60.8
21.9,60.9
21.8,60.9
21.8,60.9
21.9,60.9
21.8,61.6
21.8,61.6
21.8,61.0
21.9,61.7
21.8,61.1
21.8,61.3
21.8,61.5
21.8,62.4
21.8,61.7
21.8,62.3
21.8,62.4
21.9,61.7
21.9,62.3
21.8,61.6
21.8,61.6
21.8,61.6
21.8,61.5
21.9,61.5
21.8,61.5
21.8,61.5
21.8,61.6
21.8,61.5
21.8,62.2
21.8,61.5
21.8,62.3
21.8,61.5
21.8,62.2
21.8,61.5
21.8,61.5
21.9,61.5
21.8,62.1
21.8,61.5
21.8,61.5
21.8,61.5
21.8,61.5
21.8,61.6
21.8,61.6
21.8,61.6
21.8,61.6
21.8,62.4
21.8,61.6
21.8,61.6
21.8,61.7
21.8,61.6
21.8,61.6
21.8,61.6
21.8,62.4
21.8,61.8
21.8,62.4
21.8,61.8
21.8,61.7
21.8,61.7
21.8,61.7
21.8,62.4
21.8,61.7
21.8,62.4
21.8,61.7
21.8,61.8
21.8,62.5
21.8,61.8
21.8,61.8
21.8,62.5
21.8,61.7
21.8,61.8
21.8,61.8
21.8,61.8
21.8,61.7
21.9,62.4
21.8,61.7
21.8,62.5
21.8,62.5
21.8,61.9
21.8,61.8
21.8,61.9
21.9,62.6
21.9,61.9
21.8,62.6
21.9,61.9
21.8,61.9
21.8,61.8
21.8,61.9
21.9,61.8
21.9,61.7
21.8,61.7
21.8,61.8
21.9,61.8
21.9,61.9
21.9,62.0
21.9,61.9
21.9,62.6
21.9,61.9
21.9,61.9
21.9,61.9
21.9,61.9
21.8,61.8
21.9,61.8
21.9,62.5
21.9,61.7
21.9,61.8
21.9,61.7
21.9,62.3
21.8,61.7
21.9,62.4
21.9,61.7
21.8,61.6
21.8,61.6
21.8,62.2
21.8,61.5
21.8,61.4
21.8,62.1
21.8,61.4
21.8,61.3
21.8,62.1
21.8,61.3
21.8,61.4
21.8,61.4
21.8,62.2
21.8,61.6
21.8,62.2
21.8,62.4
21.8,61.7
21.8,62.4
21.8,61.8
21.8,61.8
21.8,61.8
21.8,61.7
21.8,61.8
21.8,62.6
21.8,62.0
21.8,62.0
21.8,62.1
21.8,62.0
21.8,62.7
21.8,62.6
21.8,61.9
21.8,62.5
21.8,61.8
21.8,62.4
21.8,62.5
21.8,61.8
21.8,61.8
21.8,61.8
21.8,61.8
21.8,61.8
21.8,61.9
21.8,61.9
21.8,61.9
21.8,62.6
21.9,62.0
21.8,62.0
21.8,62.0
21.8,62.0
21.9,62.7
21.9,62.8
21.9,62.2
21.9,62.1
21.8,62.1
21.9,62.1
21.8,62.2
21.9,62.8
21.9,62.8
21.9,62.8
21.9,62.1
21.9,62.1
21.9,62.7
21.9,62.1
21.9,62.1
21.9,62.9
21.9,62.7
21.9,62.1
21.9,62.2
21.9,62.3
21.9,63.1
21.9,62.3
21.9,62.4
21.9,62.4
21.9,62.4
21.9,63.0
21.9,63.0
21.9,62.4
21.9,62.4
21.9,62.3
21.9,63.1
21.9,62.4
21.9,63.1
21.9,63.1
21.9,62.4
21.9,62.4
21.9,62.4
21.9,63.1
21.9,62.4
21.9,62.5
21.9,62.5
21.9,62.6
21.9,63.2
21.9,63.3
21.9,62.6
21.9,63.3
21.9,63.3
21.9,62.7
21.9,62.7
21.9,63.4
21.9,62.7
21.9,62.6
21.9,62.6
21.9,62.6
21.9,62.6
21.9,63.3
21.9,62.6
21.9,62.7
21.9,62.7
21.9,62.7
21.9,62.7
21.9,62.8
21.9,62.7
21.9,63.4
21.9,62.6
21.9,62.8
21.9,62.8
21.9,62.8
21.9,62.8
21.9,63.5
21.9,62.8
22.0,62.9
22.0,62.9
22.0,63.6
22.0,62.9
22.0,63.5
22.0,62.9
22.0,63.6
22.0,62.9
22.0,62.9
21.9,63.5
22.0,62.9
22.0,63.5
22.0,63.5
22.0,62.8
22.0,62.8
22.0,62.8
22.0,62.7
22.0,63.4
22.0,63.4
22.0,62.7
22.0,62.7
22.0,63.4
22.0,63.3
22.0,62.7
22.0,63.3
22.0,63.4
22.0,62.6
22.0,62.7
22.0,63.4
22.0,62.7
22.0,62.7
22.0,63.5
22.0,63.5
22.0,62.8
22.0,62.7
22.0,62.8
22.0,62.8
22.0,62.9
22.0,62.9
22.0,63.4
22.0,62.8
22.0,62.8
22.0,63.5
22.0,63.5
22.0,62.8
22.0,62.8
22.0,62.9
22.0,63.5
22.0,62.8
22.0,63.5
22.0,62.8
22.0,63.5
22.0,63.0
22.0,62.9
22.0,62.9
22.0,63.5
22.0,62.9
22.0,62.9
22.0,63.4
22.0,63.3
22.0,63.4
22.0,63.5
22.0,62.8
22.0,62.9
22.0,63.5
22.0,63.6
22.0,62.9
22.0,63.0
22.0,62.9
22.0,62.9
22.0,62.9
22.0,63.5
22.0,62.9
22.0,62.9
22.0,63.0
22.0,63.0
22.0,63.7
22.0,63.1
22.0,63.1
22.0,63.1
22.0,63.7
22.0,63.0
22.0,63.0
22.0,63.0
22.0,63.0
22.0,63.1
22.0,63.8
22.0,63.0
22.0,63.0
22.0,63.1
22.0,63.7
22.0,63.7
22.0,63.7
22.0,63.1
22.0,63.0
22.0,63.0
22.0,63.1
22.1,63.0
22.0,63.1
22.0,63.0
22.0,63.1
22.0,63.1
22.0,63.2
22.0,63.8
22.0,63.1
22.0,63.2
22.1,63.9
22.1,63.9
22.1,63.2
22.1,63.3
22.0,63.3
22.1,63.2
22.1,63.9
22.1,63.2
22.0,63.2
22.1,63.1
22.1,63.1
22.1,63.8
22.1,63.1
22.1,63.1
22.1,63.9
22.1,63.9
22.1,63.2
22.1,63.9
22.1,63.8
22.1,63.2
22.1,63.2
22.1,63.2
22.1,63.2
22.1,63.2
22.1,63.3
22.1,63.3
22.1,64.0
22.1,63.3
22.1,64.1
22.1,64.1
22.1,64.1
22.1,64.1
22.1,63.4
22.1,64.0
22.1,63.3
22.1,63.3
22.1,63.4
22.1,63.4
22.1,64.0
22.1,63.3
22.1,63.3
22.1,63.3
22.1,64.0
22.1,63.2
22.1,63.9
22.1,63.3
22.1,63.3
22.1,63.2
22.1,63.3
22.1,63.3
22.1,63.2
22.1,63.2
22.1,63.3
22.1,63.3
22.1,63.3
22.1,64.0
22.1,63.4
22.1,63.4
22.1,64.1
22.1,63.4
22.1,63.4
22.1,63.4
22.1,63.4
22.1,63.5
22.1,63.4
22.1,64.1
22.1,64.2
22.1,64.2
22.1,64.1
22.1,63.5
22.1,63.5
22.1,64.2
22.1,63.5
22.1,63.5
22.1,64.2
22.1,63.5
22.1,64.2
22.1,64.1
22.1,63.4
22.1,63.5
22.1,63.4
22.1,64.2
22.1,63.5
22.1,63.5
22.1,64.1
22.1,64.1
22.1,64.2
22.1,63.5
22.1,64.1
22.1,63.5
22.1,63.5
22.1,64.0
22.1,63.5
22.1,63.4
22.1,63.4
22.1,64.1
22.1,63.5
22.1,63.4
22.1,63.5
22.1,64.2
22.1,64.1
22.1,64.2
22.1,63.6
22.1,64.2
22.1,63.5
22.1,63.5
22.1,63.5
22.1,64.2
22.1,64.1
22.1,63.6
22.1,63.6
22.1,63.7
22.1,64.2
22.1,63.7
22.1,63.6
22.1,63.6
22.1,63.6
22.1,63.6
22.1,64.3
22.1,64.1
22.1,64.1
22.1,63.4
22.1,63.5
22.1,63.4
22.1,63.5
22.1,63.5
22.1,63.3
22.1,63.5
22.1,64.1
22.1,64.1
22.1,64.1
22.1,64.1
22.1,63.5
22.1,63.5
22.1,63.5
22.1,63.5
22.1,63.4
22.1,63.5
22.1,64.2
22.1,63.5
22.1,63.5
22.1,63.5
22.1,63.5
22.1,63.5
22.1,64.2
22.1,63.5
22.1,64.1
22.1,63.5
22.1,63.5
22.1,63.5
22.1,64.2
22.1,64.2
22.1,63.5
22.1,63.4
22.1,63.4
22.1,63.4
22.1,63.4
22.1,63.4
22.1,63.5
22.1,64.2
22.1,63.4
22.1,63.4
22.1,63.4
22.1,63.4
22.1,63.4
22.1,64.0
22.1,64.0
22.1,63.3
22.1,64.1
22.1,64.0
22.1,63.4
22.1,63.4
22.1,64.1
22.1,64.0
22.1,63.4
22.1,63.4
22.1,63.3
22.1,63.3
22.1,63.2
22.1,63.9
22.1,63.4
22.1,64.0
22.1,63.3
22.1,63.3
22.1,64.0
22.1,63.3
22.1,64.1
22.1,63.4
22.1,63.4
22.1,64.1
22.1,64.2
22.1,64.1
22.1,63.5
22.1,64.1
22.1,63.5
22.1,64.1
22.1,64.1
22.1,63.4
22.1,63.4
22.1,63.4
22.1,63.4
22.1,63.4
22.1,63.3
22.1,64.0
22.1,63.3
22.1,63.4
22.1,64.0
22.1,64.1
22.1,64.1
22.2,64.1
22.1,63.5
22.1,63.6
22.1,63.5
22.1,64.2
22.1,64.2
22.1,63.5
22.1,64.0
22.1,63.6
22.1,63.5
22.1,63.5
22.1,63.5
22.1,63.6
22.1,64.2
22.1,63.5
22.1,63.5
22.1,64.2
22.1,64.1
22.1,64.1
22.1,64.1
22.1,63.6
22.1,63.7
22.2,64.3
22.2,64.3
22.1,63.6
22.2,64.2
22.2,63.6
22.1,63.6
22.2,64.2
22.2,63.5
22.2,63.5
22.2,63.6
22.2,63.5
22.2,63.5
22.1,64.1
22.2,64.1
22.2,64.2
22.2,64.2
22.2,63.5
22.2,63.6
22.1,63.5
22.2,63.6
22.2,63.6
22.2,64.3
22.2,63.6
22.2,64.3
22.2,64.3
22.2,64.2
22.2,64.3
22.2,63.5
22.1,63.6
22.2,63.6
22.2,63.6
22.2,63.6
22.2,63.6
22.2,64.3
22.2,63.5
22.2,63.5
22.2,63.7
22.2,64.3
22.2,63.6
22.2,64.3
22.2,63.6
22.2,63.6
22.2,63.6
22.2,64.2
22.2,63.6
22.2,63.6
22.2,63.6
22.2,64.1
22.2,63.6
22.2,63.5
22.2,63.6
22.2,64.3
22.2,63.6
22.2,64.2
22.2,63.6
22.2,64.2
22.2,63.6
22.2,63.7
22.2,64.4
22.2,64.2
22.2,64.3
22.2,64.3
22.2,64.3
22.2,63.6
22.2,63.6
22.2,64.2
22.2,63.6
22.2,63.6
22.2,63.6
22.2,64.3
22.2,63.6
22.2,64.1
22.2,63.5
22.2,63.5
22.2,63.6
22.2,64.2
22.2,64.2
22.2,64.1
22.2,63.6
22.2,63.6
22.2,64.2
22.2,63.6
22.2,64.1
22.2,63.6
22.2,63.6
22.2,64.2
22.2,64.2
22.2,64.2
22.2,64.1
22.2,64.1
22.2,63.6
22.2,63.5
22.2,63.6
22.2,63.5
22.2,64.1
22.2,63.6
22.2,64.1
22.2,64.1
22.2,63.5
22.2,64.1
22.2,63.6
22.2,64.1
22.2,64.2
22.2,63.6
22.2,63.7
22.2,63.6
22.2,64.1
22.2,64.1
22.2,64.0
22.2,64.1
22.2,64.1
22.2,63.5
22.2,64.2
22.2,64.1
22.2,63.5
22.2,63.5
22.2,63.5
22.2,64.1
22.2,64.1
22.2,63.5
22.2,63.6
22.2,64.1
22.2,64.1
22.2,63.5
22.2,63.5
22.2,64.1
22.2,63.5
22.2,63.5
22.2,63.5
22.2,64.1
22.2,63.6
22.2,63.5
22.2,63.5
22.2,63.5
22.2,64.1
22.2,63.5
22.2,64.1
22.2,64.1
22.2,64.1
22.2,63.5
22.2,63.5
22.2,64.0
22.2,63.5
22.2,64.1
22.2,63.5
22.2,64.0
22.2,64.1
22.2,63.5
22.2,63.6
22.2,64.1
22.2,63.5
22.2,63.6
22.2,63.6
22.2,63.6
22.2,63.5
22.2,63.6
22.2,64.1
22.2,63.4
22.2,64.1
22.2,64.0
22.2,63.4
22.2,64.0
22.2,63.4
22.2,63.4
22.2,63.9
22.2,63.4
22.2,63.4
22.2,63.4
22.2,64.1
22.2,63.4
22.2,64.1
22.2,64.1
22.2,63.6
22.2,63.4
22.2,63.5
22.2,63.6
22.2,64.0
22.2,63.5
22.2,64.1
22.2,63.4
22.2,63.5
22.2,63.4
22.2,63.5
22.2,64.0
22.2,64.1
22.2,63.4
22.2,63.9
22.2,63.4
22.2,64.0
22.2,64.1
22.2,64.1
22.2,63.4
22.2,64.1
22.2,63.5
22.2,64.1
22.2,64.1
22.2,63.4
22.2,64.0
22.2,63.5
22.2,63.4
22.2,64.0
22.2,63.5
22.2,64.1
22.2,64.1
22.2,63.6
22.2,63.6
22.2,63.4
22.2,63.4
22.2,64.1
22.2,64.0
22.2,63.5
22.2,63.5
22.2,64.1
22.2,64.1
22.2,63.4
22.2,63.4
22.2,64.1
22.2,64.1
22.2,63.4
22.2,63.4
22.2,64.1
22.2,63.3
22.2,64.0
22.2,64.1
22.2,64.1
22.2,63.4
22.2,63.4
22.2,64.1
22.2,63.5
22.2,63.5
22.2,64.0
22.2,63.5
22.2,63.4
22.2,63.5
22.2,63.4
22.2,63.4
22.2,63.4
22.2,63.4
22.2,63.4
22.2,64.0
22.2,63.3
22.2,64.0
22.2,63.4
22.2,63.3
22.2,63.4
22.2,63.4
22.2,63.4
22.2,64.0
22.2,63.9
22.2,63.4
22.2,63.4
22.2,64.0
22.2,63.5
22.2,64.1
22.2,63.5
22.2,63.4
22.2,63.4
22.2,64.0
22.2,63.4
22.2,63.3
22.2,63.4
22.2,64.0
22.2,63.4
22.2,63.3
22.2,63.4
22.2,63.9
22.2,63.3
22.2,63.4
22.2,63.3
22.2,63.3
22.2,64.0
22.2,63.3
22.2,64.0
22.2,64.0
22.2,63.3
22.2,64.0
22.2,63.4
22.2,64.0
22.2,63.3
22.2,63.3
22.2,63.4
22.2,63.4
22.2,64.0
22.2,63.3
22.2,64.0
22.2,63.9
22.2,64.0
22.2,64.0
22.2,63.4
22.2,63.9
22.2,63.3
22.2,63.9
22.2,63.3
22.2,63.9
22.2,64.0
22.2,63.4
22.2,63.4
22.2,64.0
22.2,63.9
22.2,63.3
22.2,63.3
22.2,64.0
22.2,63.3
22.2,63.3
22.2,63.3
22.2,63.3
22.2,63.9
22.2,63.9
22.2,63.3
22.2,63.9
22.2,64.0
22.2,63.9
22.2,64.0
22.2,64.0
22.2,63.3
22.2,63.4
22.2,63.3
22.2,64.0
22.2,64.0
22.2,63.3
22.2,63.5
22.2,63.8
22.2,63.4
22.2,63.4
22.2,63.3
22.2,63.4
22.2,63.3
22.2,63.3
22.2,64.0
22.2,63.5
22.2,64.0
22.2,63.3
22.2,63.3
22.2,63.3
22.2,63.3
22.2,63.9
22.2,63.9
22.2,63.4
22.2,63.4
22.2,63.4
22.2,63.4
22.2,63.4
22.2,63.4
22.2,63.3
22.2,64.0
22.2,63.3
22.2,63.4
22.2,63.9
22.2,63.9
22.2,64.0
22.2,64.0
22.2,64.0
22.2,64.0
22.2,63.3
22.2,63.4
22.2,64.0
22.2,63.3
22.2,63.4
22.2,63.4
22.2,64.1
22.2,63.4
22.2,64.0
22.2,64.1
22.2,64.0
22.2,63.3
22.2,63.3
22.2,63.4
22.2,63.9
22.2,63.4
22.2,63.9
22.2,63.4
22.2,63.4
22.2,63.4
22.2,63.9
22.2,63.9
22.2,63.4
22.2,63.4
22.2,63.9
22.2,63.9
22.2,64.0
22.2,63.4
22.2,64.1
22.2,64.0
22.2,64.0
22.2,64.0
22.2,63.9
22.2,64.0
22.2,63.5
22.2,63.5
22.2,63.4
22.2,63.4
22.2,63.4
22.2,63.5
22.2,64.1
22.2,64.0
22.2,64.1
22.2,64.1
22.2,63.4
22.2,63.4
22.2,63.4
22.2,63.4
22.2,64.1
22.2,64.1
22.2,64.1
22.2,64.1
22.3,64.0
22.2,64.1
22.2,64.1
22.2,64.0
22.2,63.4
22.2,63.3
22.2,64.0
22.2,63.4
22.2,63.3
22.2,63.3
22.2,64.0
22.2,63.9
22.2,63.4
22.2,63.5
22.2,63.4
22.2,63.3
22.2,63.4
22.2,64.0
22.2,64.1
22.2,63.4
22.2,63.5
22.2,64.0
22.2,64.1
22.2,64.0
22.2,63.4
22.2,64.0
22.2,63.3
22.2,63.3
22.2,63.4
22.2,63.4
22.2,63.4
22.2,63.4
22.2,64.1
22.2,63.4
22.2,64.1
22.2,63.4
22.2,63.5
22.2,63.4
22.2,63.4
22.2,64.1
22.2,63.3
22.2,64.0
22.2,64.1
22.2,64.1
22.2,64.0
22.2,63.5
22.2,63.4
22.2,63.4
22.2,64.1
22.2,64.1
22.2,63.4
22.2,63.5
22.2,63.5
22.2,63.4
22.2,63.4
22.2,64.0
22.2,63.4
22.2,63.4
22.2,64.0
22.2,63.5
22.2,64.1
22.2,63.4
22.2,64.1
22.2,64.1
22.2,63.5
22.2,63.5
22.2,64.1
22.2,63.4
22.2,64.1
22.2,64.2
22.2,63.5
22.2,64.2
22.2,63.5
22.2,63.4
22.2,64.1
22.2,63.4
22.2,64.1
22.2,63.5
22.2,63.5
22.2,63.4
22.2,64.1
22.2,63.5
22.2,64.2
22.2,63.5
22.2,63.5
22.2,63.5
22.2,63.5
22.2,64.2
22.2,63.5
22.2,63.5
22.2,63.7
22.2,63.6
22.2,64.2
22.2,63.6
22.2,63.6
22.2,63.7
22.2,63.6
22.2,63.6
22.2,64.2
22.2,63.6
22.2,63.6
22.2,64.2
22.2,64.2
22.2,64.3
22.2,64.3
22.2,64.3
22.2,63.7
22.2,64.3
22.2,63.9
22.2,64.3
22.2,63.7
22.2,63.6
22.2,63.7
22.2,63.7
22.2,63.7
22.2,63.8
22.2,64.4
22.2,63.7
22.2,64.3
22.2,63.8
22.2,63.9
22.2,64.4
22.2,63.8
22.2,64.3
22.2,64.2
22.2,63.7
22.2,63.6
22.2,64.4
22.2,64.3
22.2,63.7
22.2,64.3
22.2,63.7
22.2,64.4
22.2,63.7
22.2,64.3
22.2,64.1
22.2,63.8
22.2,64.3
22.2,63.7
22.2,63.8
22.2,63.9
22.2,63.7
22.2,63.8
22.2,63.8
22.2,64.3
22.2,64.5
22.2,63.9
22.2,63.9
22.2,64.5
22.2,63.8
22.2,63.9
22.2,63.7
22.2,64.4
22.2,63.7
22.2,64.4
22.2,63.8
22.2,64.4
22.2,63.7
22.2,63.8
22.2,63.8
22.2,64.4
22.2,63.9
22.2,63.8
22.2,63.7
22.2,63.7
22.2,63.9
22.2,64.4
22.2,64.4
22.2,63.7
22.2,64.3
22.2,63.7
22.2,63.6
22.2,63.6
22.2,63.6
22.2,64.2
22.2,63.6
22.2,63.6
22.2,64.3
22.2,63.7
22.2,63.6
22.2,64.3
22.2,64.3
22.2,63.6
22.2,64.3
22.2,63.5
22.2,64.3
22.2,64.1
22.2,63.7
22.2,63.7
22.2,63.7
22.2,63.7
22.2,64.1
22.2,63.5
22.2,64.2
22.2,63.5
22.2,63.6
22.2,64.3
22.2,63.7
22.2,63.8
22.2,63.7
22.2,63.8
22.2,63.8
22.2,63.8
22.2,63.8
22.2,63.8
22.2,63.9
22.2,64.5
22.2,63.9
22.2,63.9
22.2,64.4
22.2,64.4
22.2,63.8
22.2,63.7
22.2,63.7
22.2,63.7
22.2,63.7
22.2,63.8
22.2,64.5
22.2,63.8
22.2,63.8
22.2,63.7
22.2,63.7
22.2,63.9
22.2,63.7
22.2,63.8
22.2,64.4
22.2,64.4
22.2,64.3
22.2,63.7
22.2,64.3
22.2,64.3
22.2,64.2
22.2,63.8
22.2,64.3
22.2,63.8
22.2,64.2
22.2,64.3
22.2,64.3
22.2,64.3
22.2,63.7
22.2,63.7
22.2,64.3
22.2,63.7
22.2,63.9
22.3,64.3
22.2,63.8
22.3,63.7
22.3,63.8
22.2,63.9
22.3,64.4
22.3,64.2
22.3,64.2
22.2,63.6
22.2,63.6
22.3,63.7
22.2,63.6
22.2,63.6
22.2,63.6
22.2,64.4
22.2,64.2
22.2,63.6
22.2,64.2
22.2,64.2
22.2,63.5
22.2,63.6
22.3,63.6
22.2,64.2
22.2,64.3
22.3,63.7
22.2,64.2
22.2,63.7
22.2,63.8
22.2,63.8
22.2,63.8
22.3,64.3
22.2,64.4
22.3,63.8
22.3,64.4
22.2,64.3
22.2,64.3
22.2,64.3
22.2,63.7
22.2,64.3
22.2,63.6
22.2,63.7
22.2,63.6
22.2,64.2
22.2,63.6
22.2,63.6
22.3,64.3
22.3,63.7
22.3,63.7
22.2,64.2
22.3,63.6
22.2,63.5
22.2,64.1
22.2,64.2
22.2,64.1
22.3,63.6
22.3,64.0
22.3,64.3
22.3,64.2
22.2,63.5
22.3,63.6
22.3,64.3
22.2,63.5
22.3,64.2
22.3,63.5
22.3,64.1
22.3,64.1
22.3,64.2
22.3,64.2
22.3,64.2
22.3,63.6
22.3,63.5
22.3,63.6
22.3,64.2
22.3,63.5
22.3,63.5
22.3,64.1
22.3,63.6
22.3,63.5
22.3,64.0
22.3,63.4
22.3,63.5
22.3,63.4
22.3,64.0
22.3,64.0
22.3,64.1
22.3,63.3
22.3,63.5
22.3,64.1
22.3,63.4
22.3,63.5
22.2,63.4
22.3,63.4
22.3,63.9
22.3,64.0
22.3,64.0
22.3,64.0
22.3,63.9
22.2,63.4
22.3,63.4
22.3,63.9
22.3,64.0
22.3,63.4
22.3,64.1
22.3,63.9
22.3,64.0
22.3,63.4
22.3,63.4
22.3,63.5
22.3,63.5
22.3,63.5
22.3,63.6
22.3,63.5
22.3,63.4
22.3,64.1
22.3,63.4
22.3,64.1
22.3,63.4
22.3,63.4
22.3,64.0
22.3,63.4
22.3,63.9
22.3,63.4
22.3,63.5
22.3,63.4
22.3,63.6
22.3,63.5
22.3,64.1
22.3,63.5
22.3,64.0
22.3,64.0
22.3,64.1
22.3,63.6
22.3,63.4
22.3,64.1
22.3,64.2
22.3,64.1
22.3,63.6
22.3,63.5
22.3,63.5
22.3,64.1
22.3,64.1
22.3,63.6
22.3,63.5
22.3,63.5
22.3,64.1
22.3,63.4
22.3,63.4
22.3,64.1
22.3,63.4
22.3,64.0
22.3,63.5
22.3,63.4
22.3,63.5
22.3,64.1
22.3,63.5
22.3,63.5
22.3,63.4
22.3,64.1
22.3,63.6
22.3,63.5
22.3,64.2
22.3,64.1
22.3,64.1
22.3,64.0
22.3,63.4
22.3,63.4
22.3,64.1
22.3,63.4
22.3,63.4
22.3,64.1
22.3,63.5
22.3,63.9
22.3,64.1
22.3,63.4
22.3,63.4
22.3,63.4
22.3,64.0
22.3,63.4
22.3,64.0
22.3,63.4
22.3,63.3
22.3,63.3
22.3,63.4
22.3,64.1
22.3,63.5
22.3,63.4
22.3,63.4
22.3,63.4
22.3,64.0
22.3,63.4
22.3,63.4
22.3,63.5
22.3,63.5
22.3,64.0
22.3,64.1
22.3,63.4
22.3,64.1
22.3,63.4
22.3,64.0
22.3,63.5
22.3,64.1
22.3,63.9
22.3,63.5
22.3,63.3
22.3,63.4
22.3,63.4
22.3,64.0
22.3,63.4
22.3,63.5
22.3,63.4
22.3,63.4
22.3,63.4
22.3,63.9
22.3,63.3
22.3,64.0
22.3,63.9
22.3,63.8
22.3,63.3
22.3,63.4
22.3,63.3
22.3,63.4
22.3,64.0
22.3,63.4
22.3,63.4
22.3,63.9
22.3,63.3
22.3,64.0
22.3,63.9
22.3,64.0
22.3,63.4
22.3,63.3
22.3,63.4
22.3,63.4
22.3,64.0
22.3,63.4
22.3,64.0
22.3,63.3
22.3,63.4
22.3,63.4
22.3,63.4
22.3,64.0
22.3,63.4
22.3,64.0
22.3,63.4
22.3,63.3
22.3,63.9
22.3,63.9
22.3,63.9
22.3,63.3
22.3,63.9
22.3,63.3
22.3,63.3
22.3,63.4
22.3,63.3
22.3,64.0
22.3,63.4
22.3,63.9
22.3,64.0
22.3,64.0
22.3,64.0
22.3,63.3
22.3,63.3
22.3,63.4
22.3,63.3
22.3,63.3
22.3,63.3
22.3,63.3
22.3,63.9
22.3,63.3
22.3,63.8
22.3,64.0
22.3,63.3
22.3,63.9
22.3,63.9
22.3,63.9
22.3,63.9
22.3,63.3
22.3,63.3
22.3,63.2
22.3,63.1
22.3,63.8
22.3,63.2
22.3,63.8
22.3,63.1
22.3,63.1
22.3,63.2
22.3,63.8
22.3,63.8
22.3,63.2
22.3,63.1
22.3,63.8
22.3,63.7
22.3,63.7
22.3,63.2
22.3,63.9
22.3,63.8
22.3,63.7
22.3,63.2
22.3,63.7
22.3,63.7
22.3,63.2
22.3,63.3
22.3,63.3
22.3,63.4
22.3,63.2
22.3,63.2
22.3,63.8
22.3,63.2
22.3,63.7
22.3,63.5
22.3,63.5
22.3,63.2
22.3,63.0
22.3,62.9
22.3,62.6
22.3,62.5
22.2,61.7
22.3,61.6
22.2,61.4
22.2,62.0
22.2,61.3
22.2,61.4
22.2,61.7
22.2,61.8
22.2,61.7
22.2,61.7
22.2,61.6
22.2,61.2
22.2,61.7
22.2,61.1
22.2,61.1
22.2,61.0
22.1,61.6
22.2,61.7
22.2,61.6
22.2,60.9
22.1,60.9
22.1,61.4
22.1,60.9
22.1,60.9
22.1,61.5
22.1,60.9
22.1,61.5
22.1,60.9
22.1,60.9
22.1,60.9
22.1,61.0
22.1,60.8
22.1,61.5
22.1,60.9
22.1,61.6
22.1,60.9
22.1,60.9
22.1,61.6
22.1,61.0
22.1,61.6
22.1,61.0
22.1,61.0
22.1,61.7
22.1,61.1
22.0,61.1
22.0,61.0
22.0,61.1
22.0,61.2
22.0,62.0
22.1,61.3
22.0,62.1
22.0,61.5
22.0,61.6
22.0,61.6
22.1,61.7
22.1,61.7
22.1,61.8
22.0,62.6
22.0,62.7
22.0,62.9
22.1,62.1
22.1,62.1
22.1,62.1
22.0,62.1
22.0,62.8
22.1,62.8
22.1,62.8
22.1,62.2
22.1,62.8
22.1,62.3
22.1,62.9
22.1,63.0
22.1,62.9
22.1,62.3
22.1,62.4
22.1,62.4
22.1,63.1
22.1,62.4
22.1,63.1
22.1,62.4
22.1,62.5
22.1,62.6
22.1,63.2
22.1,63.1
22.1,62.4
22.1,63.2
22.1,62.5
22.1,62.9
22.1,62.4
22.1,62.4
22.1,62.4
22.1,62.4
22.1,62.4
22.1,62.4
22.1,62.4
22.1,63.0
22.1,62.4
22.1,62.4
22.1,63.2
22.1,62.6
22.1,62.4
22.1,62.4
22.1,62.5
22.1,63.1
22.1,63.1
22.1,63.1
22.1,62.4
22.1,62.5
22.1,63.1
22.1,63.1
22.1,62.5
22.1,62.5
22.1,63.1
22.1,62.6
22.1,62.5
22.1,63.2
22.1,62.5
22.1,63.1
22.1,62.7
22.1,62.6
22.1,62.5
22.1,62.5
22.1,63.3
22.1,62.6
22.1,63.2
22.1,62.6
22.1,62.7
22.1,62.6
22.1,62.5
22.1,62.6
22.1,62.5
22.1,63.2
22.1,62.6
22.1,63.1
22.1,62.6
22.1,62.5
22.1,62.5
22.1,62.7
22.2,62.6
22.1,62.6
22.1,62.5
22.1,63.2
22.1,63.2
22.1,63.3
22.1,62.6
22.1,63.2
22.2,62.8
22.1,63.2
22.1,62.6
22.2,62.6
22.2,63.2
22.2,62.6
22.1,63.2
22.1,63.2
22.2,62.5
22.2,63.2
22.1,62.6
22.1,63.3
22.2,62.6
22.1,63.3
22.2,63.2
22.1,62.6
22.1,62.6
22.1,62.6
22.1,63.2
22.2,63.3
22.2,63.3
22.2,62.6
22.2,62.6
22.2,62.6
22.1,62.6
22.2,63.3
22.2,63.2
22.2,62.7
22.2,62.6
22.2,62.7
22.2,62.6
22.2,63.3
22.2,62.7
22.2,62.7
22.2,62.6
22.2,63.3
22.2,62.5
22.2,63.2
22.2,63.2
22.2,62.6
22.2,62.6
22.2,62.6
22.2,62.7
22.1,62.7
22.2,62.8
22.1,62.6
22.2,63.3
22.2,62.6
22.1,62.6
22.2,62.6
22.2,62.6
22.2,63.3
22.2,63.3
22.2,62.7
22.2,62.6
22.2,63.2
22.2,63.2
22.2,62.6
22.2,63.2
22.2,62.5
22.2,63.2
22.2,62.6
22.2,63.2
22.2,63.2
22.1,63.1
22.2,62.7
22.2,63.2
22.2,63.2
22.2,63.2
22.2,62.6
22.2,62.6
22.2,62.6
22.2,63.3
22.2,62.7
22.2,63.2
22.2,62.6
22.2,62.6
22.2,62.6
22.2,62.5
22.2,62.6
22.2,62.5
22.2,63.2
22.2,62.6
22.2,62.6
22.2,63.3
22.2,62.8
22.2,62.6
22.2,62.7
22.2,62.6
22.2,62.7
22.2,62.6
22.2,62.6
22.2,62.6
22.2,62.6
22.2,62.5
22.2,62.7
22.2,62.6
22.2,63.2
22.2,62.6
22.2,62.6
22.2,62.6
22.2,62.6
22.2,62.6
22.2,62.6
22.2,62.5
22.2,62.6
22.2,62.5
22.2,62.5
22.2,62.5
22.2,63.2
22.2,62.6
22.2,62.6
22.2,62.7
22.2,62.6
22.2,63.3
22.2,63.3
22.2,63.2
22.2,62.6
22.2,62.6
22.2,63.2
22.2,63.2
22.2,62.5
22.2,62.5
22.2,62.5
22.2,63.2
22.2,62.6
22.2,62.6
22.2,62.5
22.2,62.8
22.2,62.6
22.2,63.3
22.2,63.3
22.2,62.6
22.2,62.5
22.2,62.5
22.2,62.6
22.2,62.5
22.2,63.2
22.2,62.6
22.2,62.6
22.2,62.5
22.2,62.5
22.2,62.6
22.2,63.2
22.2,63.2
22.2,63.2
22.2,63.2
22.2,62.5
22.2,62.5
22.2,62.5
22.2,62.5
22.2,62.6
22.2,62.5
22.2,62.5
22.2,63.2
22.2,62.5
22.2,62.6
22.2,63.2
22.2,62.5
22.2,62.5
22.2,62.5
22.2,62.5
22.2,62.5
22.2,62.4
22.2,62.5
22.2,63.2
22.2,62.4
22.2,63.1
22.2,63.1
22.2,62.5
22.2,62.5
22.2,62.5
22.2,62.6
22.2,62.5
22.2,62.6
22.2,63.2
22.2,62.5
22.2,62.6
22.2,62.5
22.2,62.6
22.2,63.2
22.2,62.5
22.2,62.6
22.2,62.6
22.2,63.2
22.2,62.5
22.2,62.5
22.2,62.5
22.2,62.5
22.2,62.5
22.2,62.6
22.2,63.1
22.2,62.4
22.2,63.1
22.2,62.5
22.2,62.5
22.2,62.5
22.2,62.6
22.2,63.1
22.2,62.5
22.2,63.1
22.2,63.1
22.2,63.2
22.2,62.5
22.2,62.5
22.2,62.5
22.2,62.6
22.2,63.1
22.2,63.2
22.2,63.2
22.2,63.1
22.2,62.5
22.2,62.5
22.2,62.5
22.2,62.5
22.2,62.6
22.2,62.6
22.2,62.5
22.2,63.1
22.2,62.6
22.2,62.5
22.2,63.2
22.2,63.1
22.2,63.2
22.2,62.5
22.2,62.6
22.2,62.5
22.2,62.5
22.2,62.5
22.2,63.2
22.2,62.6
22.2,62.5
22.2,62.6
22.2,62.6
22.2,63.1
22.2,63.2
22.2,62.6
22.2,63.2
22.2,62.6
22.2,62.5
22.2,62.6
22.2,63.2
22.2,63.3
22.1,62.7
22.2,62.7
22.2,62.6
22.2,62.6
22.2,62.6
22.2,63.2
22.2,63.2
22.2,63.3
22.2,62.6
22.2,63.2
22.2,63.2
22.2,63.2
22.2,62.6
22.2,62.5
22.2,63.2
22.2,62.5
22.2,63.1
22.2,63.1
22.2,62.5
22.2,63.1
22.2,63.2
22.2,63.3
22.2,62.7
22.2,62.6
22.2,62.6
22.2,63.2
22.2,63.2
22.2,62.6
22.2,63.2
22.2,63.3
22.2,62.6
22.2,63.2
22.2,62.6
22.2,62.6
22.2,63.3
22.2,63.2
22.2,63.3
22.2,63.2
22.2,62.6
22.2,62.6
22.2,63.3
22.2,62.7
22.2,63.2
22.2,63.2
22.2,62.6
22.2,62.8
22.2,62.7
22.2,62.6
22.2,63.2
22.2,63.2
22.2,63.2
22.2,62.7
22.2,63.1
22.2,62.6
22.2,62.7
22.2,63.2
22.2,62.8
22.2,62.7
22.2,63.3
22.2,63.2
22.2,62.7
22.2,62.7
22.2,62.7
22.2,63.2
22.2,62.8
22.2,62.8
22.2,63.3
22.2,62.7
22.2,62.7
22.2,62.6
22.2,63.3
22.2,62.7
22.2,63.4
22.2,62.7
22.2,63.3
22.2,62.6
22.2,62.6
22.2,63.3
22.2,62.6
22.2,63.2
22.2,63.2
22.2,63.2
22.1,63.2
22.2,63.2
22.2,63.2
22.2,62.6
22.2,62.6
22.2,62.6
22.2,63.3
22.2,62.6
22.2,62.7
22.2,62.6
22.2,62.6
22.2,62.7
22.2,62.6
22.2,62.6
22.2,62.6
22.2,62.6
22.2,63.2
22.2,62.6
22.2,63.2
22.2,63.2
22.2,63.3
22.2,62.6
22.2,63.2
22.2,62.6
22.2,63.3
22.2,62.7
22.2,63.3
22.2,63.3
22.2,63.2
22.2,62.6
22.2,62.8
22.2,62.6
22.2,62.6
22.2,63.3
22.2,62.6
22.2,62.6
22.2,63.2
22.2,62.5
22.2,63.3
22.2,62.7
22.2,62.6
22.2,63.1
22.2,62.6
22.2,63.2
22.2,63.3
22.2,62.5
22.2,62.6
22.2,63.1
22.2,62.7
22.2,62.6
22.2,62.7
22.2,62.5
22.2,62.6
22.2,63.2
22.2,62.5
22.2,62.6
22.2,62.6
22.2,62.7
22.2,62.6
22.2,62.7
22.2,62.5
22.2,63.3
22.2,63.1
22.2,63.2
22.2,62.5
22.1,63.2
22.2,63.1
22.2,63.2
22.2,62.6
22.2,63.2
22.2,62.6
22.2,62.6
22.2,62.6
22.1,62.7
22.2,63.1
22.2,62.5
22.2,62.5
22.2,63.2
22.2,63.1
22.2,63.2
22.2,63.2
22.1,63.1
22.2,62.7
22.2,62.7
22.2,62.7
22.2,62.6
22.2,62.7
22.2,63.2
22.2,62.6
22.2,63.2
22.2,63.3
22.2,62.7
22.2,62.6
22.2,62.7
22.2,62.7
22.2,62.6
22.2,63.1
22.2,63.2
22.2,62.6
22.2,62.6
22.2,62.6
22.2,62.6
22.2,62.7
22.2,63.2
22.2,62.6
22.2,63.2
22.2,62.8
22.2,62.6
22.2,62.7
22.2,62.7
22.2,63.2
22.2,63.2
22.2,62.5
22.2,63.1
22.2,63.2
22.2,62.6
22.2,63.2
22.2,63.2
22.2,62.8
22.2,62.8
22.2,62.6
22.2,62.7
22.2,62.7
22.2,63.1
22.2,63.2
22.2,63.2
22.2,63.2
22.2,62.6
22.2,62.6
22.2,63.1
22.2,62.6
22.2,62.5
22.2,62.6
22.2,62.7
22.2,62.5
22.2,62.6
22.2,62.7
22.2,62.6
22.2,63.2
22.2,62.5
22.1,63.2
22.2,62.5
22.2,63.2
22.2,63.2
22.2,63.1
22.2,62.5
22.2,63.2
22.2,62.5
22.1,62.5
22.1,63.2
22.2,62.5
22.1,63.1
22.1,63.0
22.1,62.5
22.2,63.1
22.2,62.6
22.2,62.5
22.2,62.6
22.1,62.6
22.2,63.1
22.2,63.0
22.2,63.0
22.2,63.1
22.2,62.5
22.2,63.0
22.2,63.1
22.2,62.5
22.1,63.2
22.1,62.5
22.2,62.6
22.2,63.0
22.1,62.5
22.1,63.1
22.1,62.5
22.1,62.5
22.1,62.4
22.1,62.4
22.1,62.4
22.1,62.4
22.1,62.6
22.1,62.5
22.1,62.5
22.1,63.1
22.1,62.4
22.1,62.5
22.1,62.4
22.1,62.4
22.1,63.1
22.1,63.1
22.1,63.1
22.1,63.1
22.1,63.2
22.1,63.1
22.1,62.5
22.1,62.5
22.1,63.2
22.1,62.5
22.1,62.5
22.1,62.6
22.1,62.5
22.1,62.5
22.1,62.4
22.1,63.1
22.1,63.2
22.1,62.5
22.1,62.4
22.1,62.4
22.1,62.4
22.1,62.4
22.1,62.4
22.1,62.4
22.1,62.4
22.1,62.5
22.1,62.4
22.1,62.5
22.1,62.4
22.1,62.4
22.1,62.4
22.1,63.1
22.1,63.1
22.1,62.4
22.1,62.4
22.1,63.1
22.1,63.1
22.1,62.4
22.1,63.1
22.1,62.3
22.1,62.4
22.1,62.4
22.1,62.4
22.1,62.3
22.1,62.4
22.1,62.4
22.1,63.1
22.1,62.5
22.1,62.4
22.1,62.5
22.1,62.4
22.1,62.4
22.1,63.0
22.1,63.1
22.1,62.4
22.1,62.4
22.1,62.4
22.1,62.4
22.1,62.4
22.1,63.0
22.1,62.4
22.1,62.4
22.1,63.1
22.1,62.4
22.1,62.3
22.1,62.4
22.1,63.0
22.1,62.4
22.1,62.4
22.1,62.4
22.1,62.3
22.1,62.4
22.1,62.4
22.1,63.1
22.1,63.0
22.1,62.4
22.1,62.4
22.1,62.4
22.1,63.1
22.1,63.1
22.1,62.5
22.1,63.0
22.1,63.1
22.1,62.4
22.1,62.4
22.1,62.4
22.1,62.4
22.1,62.4
22.1,62.4
22.1,63.0
22.1,62.9
22.1,63.1
22.1,62.4
22.1,62.5
22.1,62.5
22.1,63.0
22.1,62.5
22.1,62.9
22.1,63.0
22.1,62.4
22.1,63.0
22.1,62.4
22.1,62.9
22.1,63.0
22.1,63.1
22.1,62.4
22.1,62.3
22.1,63.1
22.1,62.4
22.1,62.4
22.1,62.4
22.1,62.4
22.1,62.4
22.1,62.4
22.1,62.4
22.1,63.0
22.1,62.3
22.1,62.4
22.1,62.3
22.1,62.3
22.1,62.3
22.1,63.0
22.1,63.0
22.1,62.3
22.1,62.4
22.1,62.4
22.1,63.0
22.1,62.4
22.1,62.8
22.1,63.0
22.1,62.9
22.1,63.0
22.1,62.9
22.1,63.0
22.1,62.9
22.1,63.0
22.1,62.3
22.1,63.0
22.1,62.3
22.1,62.9
22.1,62.4
22.1,62.5
22.1,63.0
22.1,62.4
22.1,62.4
22.1,62.3
22.1,62.3
22.1,62.2
22.1,62.9
22.1,62.9
22.1,63.0
22.1,62.9
22.1,63.0
22.1,62.3
22.1,63.0
22.1,62.3
22.1,62.4
22.1,62.9
22.1,62.4
22.1,62.9
22.1,62.3
22.1,62.3
22.1,63.0
22.1,63.1
22.1,62.5
22.1,62.4
22.1,62.3
22.1,63.0
22.1,62.9
22.1,62.9
22.1,62.4
22.1,62.4
22.1,62.4
22.1,62.3
22.1,62.3
22.1,62.4
22.1,62.4
22.1,62.9
22.1,62.9
22.1,63.0
22.1,62.4
22.1,62.4
22.1,63.0
22.1,62.9
22.1,63.0
22.1,62.4
22.1,62.9
22.1,63.0
22.1,62.4
22.1,62.3
22.1,62.3
22.1,62.4
22.1,62.4
22.1,62.4
22.1,62.9
22.1,62.4
22.1,62.4
22.1,62.4
22.1,62.4
22.1,62.5
22.1,62.4
22.1,62.5
22.1,62.6
22.1,62.5
22.1,62.4
22.1,62.4
22.1,62.4
22.1,62.4
22.1,62.4
22.1,62.4
22.1,62.9
22.1,62.4
22.1,63.1
22.1,62.5
22.1,63.0
22.1,63.0
22.1,62.8
22.1,62.4
22.1,62.9
22.1,62.4
22.1,62.6
22.1,62.4
22.1,62.9
22.1,63.1
22.1,63.1
22.1,62.4
22.1,63.0
22.1,62.5
22.1,62.5
22.1,63.0
22.1,63.0
22.1,63.0
22.1,63.1
22.1,62.4
22.1,63.1
22.1,63.1
22.1,62.5
22.1,62.5
22.1,63.1
22.1,62.5
22.1,62.5
22.1,63.1
22.1,62.4
22.1,62.4
22.1,62.5
22.1,62.5
22.1,63.1
22.1,62.4
22.1,63.1
22.1,63.1
22.1,62.5
22.1,62.5
22.1,62.5
22.1,63.0
22.1,62.4
22.1,63.0
22.1,63.1
22.1,63.1
22.1,62.5
22.1,62.5
22.1,63.1
22.1,62.5
22.1,63.0
22.1,62.4
22.1,63.2
22.1,62.6
22.1,63.2
22.1,62.5
22.1,63.0
22.1,62.5
22.1,63.0
22.1,62.5
22.1,63.1
22.1,62.5
22.1,62.5
22.1,62.5
22.1,62.5
22.1,63.3
22.1,62.6
22.1,62.6
22.1,62.6
22.1,62.6
22.1,62.6
22.1,62.6
22.1,62.7
22.1,62.7
22.1,62.8
22.1,63.3
22.1,62.7
22.1,62.6
22.1,63.2
22.1,63.2
22.1,63.2
22.1,62.7
22.1,62.6
22.1,62.7
22.1,63.1
22.1,62.6
22.1,62.5
22.1,62.6
22.1,62.5
22.1,62.6
22.1,62.5
22.1,62.6
22.1,62.6
22.1,62.5
22.1,63.3
22.1,62.6
22.0,62.6
22.1,63.2
22.1,62.5
22.1,63.3
22.1,63.2
22.1,63.3
22.1,62.6
22.1,63.3
22.1,62.7
22.1,62.6
22.1,62.7
22.1,62.7
22.1,62.7
22.1,62.7
22.1,62.7
22.1,63.3
22.0,63.4
22.1,63.2
22.1,63.3
22.1,63.2
22.1,63.3
22.1,62.6
22.1,63.3
22.1,62.7
22.1,63.3
22.1,62.7
22.1,62.6
22.1,63.2
22.1,62.6
22.0,62.6
22.1,62.7
22.1,63.3
22.1,63.2
22.1,62.7
22.1,63.1
22.1,63.3
22.1,63.3
22.0,63.1
22.1,63.2
22.0,63.2
22.0,62.6
22.0,62.7
22.0,63.2
22.0,62.6
22.1,63.2
22.0,62.6
22.1,62.7
22.1,62.6
22.1,62.6
22.0,63.2
22.0,63.2
22.0,62.5
22.0,62.5
22.0,63.3
22.0,63.2
22.1,63.2
22.1,62.7
22.1,63.2
22.1,62.7
22.0,62.7
22.0,62.6
22.1,62.7
22.0,62.6
22.1,63.3
22.0,62.5
22.0,62.6
22.0,63.3
22.0,63.2
22.0,62.6
22.0,62.6
22.1,62.7
22.0,62.7
22.0,63.3
22.0,62.7
22.1,62.6
22.1,63.3
22.1,62.6
22.0,62.7
22.0,63.4
22.1,62.7
22.0,62.8
22.0,62.7
22.0,62.7
22.1,62.7
22.1,62.7
22.1,63.2
22.0,63.2
22.0,62.7
22.1,62.8
22.1,63.3
22.0,62.8
22.0,63.3
22.0,62.8
22.0,62.7
22.0,62.8
22.0,62.8
22.0,62.8
22.0,62.8
22.0,63.4
22.0,62.7
22.0,62.8
22.1,62.8
22.1,62.7
22.0,62.7
22.1,62.7
22.0,62.6
22.0,63.3
22.0,63.4
22.1,62.7
22.1,62.7
22.0,62.7
22.0,62.7
22.0,63.3
22.0,62.7
22.0,63.3
22.0,62.7
22.0,62.7
22.0,62.7
22.0,62.7
22.0,62.7
22.0,62.7
22.0,62.8
22.0,62.7
22.0,62.8
22.0,62.7
22.0,62.7
22.0,62.7
22.0,62.7
22.0,63.4
22.0,62.7
22.0,62.6
22.0,62.6
22.0,62.7
22.0,62.7
22.0,63.3
22.0,62.7
22.0,63.4
22.0,62.7
22.0,62.7
22.0,63.3
22.0,63.4
22.0,62.7
22.0,63.3
22.0,62.6
22.0,62.6
22.0,63.4
22.0,62.7
22.0,62.7
22.0,62.7
22.0,62.7
22.0,63.4
22.0,63.4
22.0,63.4
22.0,62.8
22.0,62.8
22.0,63.5
22.0,62.7
22.0,63.5
22.0,62.7
22.0,63.4
22.0,62.8
22.0,63.4
22.0,62.7
22.0,62.8
22.0,62.7
22.0,62.7
22.0,62.7
22.0,62.7
22.0,63.3
22.0,62.6
22.0,62.6
22.0,62.7
22.0,62.7
22.0,62.6
22.0,62.7
22.0,62.7
22.0,62.6
22.0,63.4
22.0,62.6
22.0,62.7
22.0,62.6
22.0,62.7
22.0,62.7
22.0,62.7
22.0,63.3
22.1,63.3
22.0,62.6
22.0,62.7
22.0,62.6
22.0,62.7
22.0,62.7
22.0,63.3
22.0,62.7
22.0,62.7
22.0,62.7
22.0,62.6
22.0,63.3
22.0,63.3
22.0,63.3
22.0,62.6
22.0,62.6
22.0,62.5
22.0,62.6
22.0,63.3
22.0,62.6
22.0,62.6
22.0,63.2
22.0,62.6
22.0,62.5
22.0,62.6
22.0,62.6
22.0,62.6
22.0,62.6
22.0,63.3
22.0,63.2
22.0,62.5
22.0,63.3
22.0,62.5
22.0,62.6
22.0,62.6
22.0,62.6
22.0,62.6
22.0,62.6
22.0,62.6
22.0,62.6
22.0,62.6
22.0,62.6
22.0,62.6
22.0,62.6
22.0,62.6
22.0,63.2
22.0,62.6
22.0,63.2
22.0,62.6
22.0,63.2
22.0,63.2
22.0,62.6
22.0,63.3
22.0,62.6
22.0,62.6
22.0,63.3
22.0,62.7
22.0,62.6
22.0,62.6
22.0,62.6
22.0,62.6
22.0,63.3
22.0,62.6
22.0,62.7
22.0,62.6
22.0,63.3
22.0,63.3
22.0,62.5
22.0,63.2
22.0,62.6
22.0,63.3
22.0,62.6
22.0,62.6
22.0,62.6
22.0,62.6
22.0,62.6
22.0,62.7
22.0,62.6
22.0,63.3
22.0,62.5
22.0,62.6
22.0,62.6
22.0,62.6
22.0,62.6
22.0,62.6
22.0,62.5
22.0,62.6
22.0,62.6
22.0,62.6
22.0,62.6
22.0,62.6
22.0,63.3
22.0,62.6
22.0,62.5
22.0,62.6
22.0,62.6
22.0,62.5
22.0,62.6
22.0,62.5
22.0,62.5
22.0,62.5
22.0,62.5
22.0,62.5
22.0,62.5
22.0,62.6
22.0,63.2
22.0,62.5
22.0,62.6
22.0,62.6
22.0,62.6
22.0,62.6
22.0,63.2
22.0,62.5
22.0,62.6
22.0,62.6
22.0,62.5
22.0,62.6
22.0,63.3
22.0,62.6
22.0,62.6
22.0,62.6
22.0,62.6
22.0,63.3
22.0,62.5
22.0,62.6
22.0,63.2
22.0,62.5
22.0,62.5
22.0,62.6
22.0,62.5
22.0,62.6
22.0,62.5
22.0,63.3
22.0,62.6
22.0,62.6
22.0,63.2
22.0,63.2
22.0,62.7
22.0,63.2
22.0,62.6
22.0,62.6
22.0,62.5
22.0,62.5
22.0,62.6
22.0,63.2
22.0,62.6
22.0,63.2
22.0,62.6
22.0,63.3
22.0,62.6
22.0,62.6
22.0,62.6
22.0,63.3
22.0,62.6
22.0,63.3
22.0,63.3
22.0,63.3
22.0,63.2
22.0,62.6
22.0,63.3
22.0,63.3
22.0,62.6
22.0,63.3
22.0,62.7
22.0,62.6
22.0,62.6
22.0,62.6
22.0,63.3
22.0,62.6
22.0,62.6
22.0,63.2
22.0,63.3
22.0,63.2
22.0,62.6
22.0,62.6
22.0,63.3
22.0,63.3
22.0,62.7
22.0,62.6
22.0,62.7
22.0,63.4
22.0,62.7
22.0,63.4
22.0,62.8
22.0,63.2
22.0,62.7
22.0,63.3
22.0,62.5
22.0,62.6
22.0,63.3
22.0,62.6
22.0,63.2
22.0,63.2
22.0,62.6
22.0,62.6
22.0,62.6
22.0,62.7
22.0,63.3
22.0,62.7
22.0,62.7
22.0,62.6
22.0,63.3
22.0,62.6
22.0,62.6
22.0,62.6
22.0,62.6
22.0,62.6
22.0,63.3
22.0,62.6
22.0,62.6
22.0,62.7
22.0,63.4
22.0,62.8
22.0,62.7
22.0,62.7
22.0,62.7
22.0,62.7
22.0,62.7
22.0,62.7
22.0,62.8
22.0,62.8
22.0,62.7
22.0,62.7
22.0,62.7
22.0,62.8
22.0,62.8
22.0,62.7
22.0,62.8
22.0,62.7
22.0,62.7
22.0,62.7
22.0,63.2
22.0,62.7
22.0,62.7
22.0,62.7
22.0,62.8
22.0,63.3
22.0,63.4
22.0,62.7
22.0,63.4
22.0,62.7
22.0,63.4
22.0,62.7
22.0,63.4
22.0,63.5
22.0,62.8
22.0,62.9
22.0,62.7
22.0,62.8
22.0,62.8
22.0,63.5
22.0,62.8
22.0,62.8
22.0,63.5
22.0,62.8
22.0,62.9
22.0,62.9
22.0,62.8
22.0,63.5
22.0,62.8
22.0,62.9
22.0,63.5
22.0,63.4
22.0,62.8
22.0,62.9
22.0,62.8
22.0,62.9
22.0,62.9
22.0,63.5
22.0,62.9
22.0,62.9
22.0,63.6
22.0,63.0
22.0,62.9
22.0,62.9
22.0,63.0
22.0,63.6
22.0,62.9
22.0,63.5
22.0,63.5
22.0,62.9
22.0,63.5
22.0,63.5
22.0,62.9
22.0,62.8
22.0,62.9
22.0,63.5
22.0,62.9
22.0,62.9
22.0,63.5
22.0,62.8
22.0,63.5
22.0,62.8
22.0,62.8
22.0,63.4
22.0,63.4
22.0,62.8
22.0,62.9
22.0,62.9
22.0,62.8
22.0,62.9
22.0,62.9
22.0,62.9
22.0,62.8
22.0,62.8
22.0,62.9
22.0,62.9
22.0,63.5
22.0,63.5
22.0,63.4
22.0,62.8
22.0,62.8
22.0,62.8
22.0,62.7
22.0,62.7
22.0,63.4
22.0,62.7
22.0,62.9
22.0,63.5
22.0,62.8
22.0,62.8
22.0,62.8
22.0,62.8
22.0,62.7
22.0,62.7
22.0,62.7
22.0,62.7
22.0,62.7
22.0,63.4
22.0,62.7
22.0,63.3
22.0,62.7
22.0,63.4
22.0,62.8
22.0,62.8
22.0,62.8
22.0,63.5
22.0,63.3
22.0,62.7
22.0,63.5
22.0,62.8
22.0,63.4
22.0,62.7
22.0,62.8
22.0,63.4
22.0,62.8
22.0,62.8
22.0,62.7
22.0,62.7
22.0,62.8
22.0,63.3
22.0,62.7
22.0,62.7
22.0,62.7
22.0,62.7
22.0,62.7
22.0,63.4
22.0,62.7
21.9,62.7
22.0,62.7
22.0,62.6
22.0,62.7
22.0,62.6
22.0,62.7
22.0,62.7
22.0,62.7
22.0,62.6
22.0,62.7
22.0,62.7
21.9,63.4
22.0,62.7
22.0,63.3
22.0,63.3
22.0,62.7
22.0,62.7
22.0,63.3
22.0,62.6
22.0,62.6
22.0,62.6
21.9,63.4
22.0,62.7
21.9,62.6
22.0,62.7
22.0,63.3
22.0,62.7
22.0,63.3
22.0,62.7
22.0,62.6
21.9,62.6
21.9,63.3
21.9,62.7
22.0,63.4
22.0,62.7
22.0,62.7
22.0,62.6
22.0,62.7
22.0,63.4
21.9,62.7
21.9,62.7
21.9,62.7
21.9,63.3
22.0,62.6
22.0,62.6
21.9,62.7
22.0,63.4
21.9,62.6
21.9,62.6
21.9,62.6
22.0,62.6
21.9,62.7
22.0,63.4
22.0,62.7
21.9,62.6
21.9,63.3
21.9,63.3
21.9,63.3
21.9,62.6
22.0,62.7
21.9,62.7
21.9,63.3
21.9,62.6
21.9,62.7
21.9,62.7
21.9,63.4
21.9,63.4
21.9,62.6
22.0,63.3
21.9,62.6
21.9,62.7
21.9,62.6
21.9,62.6
21.9,62.6
21.9,62.6
21.9,62.6
21.9,62.6
21.9,62.6
21.9,62.6
21.9,62.6
21.9,62.6
21.9,62.6
21.9,62.6
21.9,62.7
21.9,62.6
21.9,62.6
21.9,63.3
21.9,63.3
21.9,62.6
21.9,62.6
21.9,62.6
22.0,62.6
21.9,62.6
21.9,63.3
21.9,62.6
21.9,62.6
21.9,63.3
21.9,62.7
21.9,63.4
21.9,62.7
21.9,62.7
21.9,62.7
21.9,62.7
21.9,62.7
21.9,63.3
21.9,62.6
21.9,62.6
21.9,63.3
21.9,62.7
21.9,62.7
21.9,62.6
21.9,63.4
21.9,63.3
21.9,62.7
21.9,62.6
21.9,63.3
21.9,62.6
21.9,62.6
21.9,62.6
21.9,63.2
21.9,62.6
21.9,62.6
21.9,62.6
21.9,62.6
21.9,62.6
21.9,62.6
21.9,62.7
21.9,62.6
21.9,62.6
21.9,62.7
21.9,62.6
21.9,62.7
21.9,62.6
21.9,62.6
21.9,63.3
21.9,62.7
21.9,63.3
21.9,63.3
21.9,62.6
21.9,63.3
21.9,63.3
21.9,63.3
21.9,62.7
21.9,63.3
21.9,62.7
21.9,62.6
21.9,62.6
21.9,62.5
21.9,62.6
21.9,62.6
21.9,63.2
21.9,62.7
21.9,62.6
21.9,63.3
21.9,62.6
21.9,62.6
21.9,62.6
21.9,62.6
21.9,63.3
21.9,62.6
21.9,62.5
21.9,62.6
21.9,63.1
21.9,62.6
21.9,63.2
21.9,62.6
21.9,62.7
21.9,62.6
21.9,63.2
21.9,62.6
21.9,62.7
21.9,62.5
21.9,62.6
21.9,62.6
21.9,63.2
21.9,62.6
21.9,62.6
21.9,62.5
21.9,62.5
21.9,62.6
21.9,62.5
21.9,62.6
21.9,63.3
21.9,62.6
21.9,62.6
21.9,62.6
21.9,62.7
21.9,63.3
21.9,62.6
21.9,63.2
21.9,62.6
21.9,62.6
21.9,62.5
21.9,63.1
21.9,62.6
21.9,63.3
21.9,62.6
21.9,62.6
21.9,62.5
21.9,62.6
21.9,63.3
21.9,62.5
21.9,62.5
21.9,62.5
21.9,63.2
21.9,62.6
21.9,63.2
21.9,63.2
21.9,62.5
21.9,62.5
21.9,63.2
21.9,62.5
21.9,62.6
21.9,62.6
21.9,63.2
21.9,63.2
21.9,62.5
21.9,63.1
21.9,63.2
21.9,63.2
21.9,62.5
21.9,62.5
21.9,62.5
21.9,62.5
21.9,62.5
21.9,62.5
21.9,63.1
21.9,62.5
21.9,62.4
21.9,63.2
21.9,62.5
21.9,62.5
21.9,62.5
21.9,62.5
21.9,63.1
21.9,62.5
21.9,63.1
21.9,62.5
21.9,62.5
21.9,62.5
21.9,62.5
21.9,62.5
21.9,63.1
21.9,62.5
21.9,62.5
21.9,63.1
21.9,63.1
21.9,62.4
21.9,63.1
21.9,62.4
21.9,62.5
21.9,63.1
21.9,62.5
21.9,62.5
21.9,62.5
21.9,62.6
21.9,62.5
21.9,62.5
21.9,62.5
21.9,63.1
21.9,62.4
21.9,63.1
21.9,62.4
21.9,63.1
21.9,62.6
21.9,62.5
21.9,62.5
21.9,62.5
21.9,62.5
21.9,62.6
21.9,62.6
21.9,62.5
21.9,62.4
21.9,62.4
21.9,62.5
21.9,62.5
21.9,62.5
21.9,62.4
21.9,62.5
21.9,63.1
21.9,62.5
21.9,62.4
21.9,62.4
21.9,62.4
21.9,63.0
21.9,63.1
21.9,63.1
21.9,62.4
21.9,62.4
21.9,63.2
21.9,62.4
21.9,62.4
21.9,62.5
21.9,62.4
21.9,62.5
21.9,63.1
21.9,62.4
21.9,62.4
21.9,63.1
21.9,62.4
21.9,62.4
21.9,63.0
21.9,63.0
21.9,62.4
21.9,62.4
21.9,62.4
21.9,62.5
21.9,62.3
21.9,63.0
21.9,62.4
21.9,62.4
21.9,62.3
21.9,63.0
21.9,62.3
21.8,62.4
21.9,62.4
21.9,63.0
21.9,63.1
21.9,62.4
21.9,62.4
21.9,63.0
21.9,62.4
21.9,62.4
21.9,62.4
21.9,62.4
21.9,62.3
21.9,62.4
21.9,62.4
21.9,63.1
21.9,62.4
21.9,63.1
21.9,63.0
21.9,63.1
21.9,62.5
21.9,63.1
21.9,63.1
21.9,62.4
21.9,62.4
21.9,62.4
21.9,62.4
21.9,62.4
21.9,62.4
21.9,62.4
21.9,62.4
21.9,63.0
21.9,63.0
21.9,63.0
21.9,62.5
21.9,62.3
21.9,63.0
21.9,63.0
21.8,63.0
21.9,62.4
21.9,62.3
21.9,63.0
21.9,63.1
21.9,62.4
21.9,62.9
21.9,62.4
21.9,62.3
21.8,62.3
21.9,62.3
21.9,62.3
21.9,62.4
21.9,63.0
21.9,62.4
21.9,63.0
21.9,63.0
21.9,62.9
21.9,62.4
21.9,63.1
21.9,63.0
21.9,62.3
21.9,62.4
21.9,62.4
21.9,62.3
21.8,62.4
21.8,62.3
21.9,62.4
21.8,62.4
21.9,62.3
21.8,62.3
21.8,62.9
21.8,63.0
21.9,62.9
21.9,62.4
21.9,62.4
21.8,62.4
21.8,62.4
21.8,63.1
21.9,63.0
21.8,62.5
21.9,62.4
21.9,63.0
21.8,62.5
21.8,62.4
21.9,62.3
21.8,63.0
21.9,62.4
21.8,62.4
21.8,62.3
21.9,63.1
21.8,62.4
21.9,63.0
21.8,62.4
21.8,62.5
21.8,62.4
21.8,62.9
21.8,62.4
21.8,62.4
21.8,63.0
21.8,62.3
21.8,62.3
21.8,63.0
21.8,63.0
21.8,63.1
21.8,62.3
21.8,63.1
21.8,62.4
21.8,62.4
21.8,63.0
21.8,62.4
21.8,62.4
21.8,62.4
21.8,63.0
21.8,63.1
21.8,62.3
21.8,63.0
21.8,62.3
21.8,62.3
21.8,62.4
21.8,62.3
21.8,63.1
21.8,62.4
21.8,62.4
21.8,62.3
21.8,62.4
21.8,62.4
21.8,62.4
21.8,63.0
21.8,62.4
21.8,63.0
21.8,62.5
21.8,62.4
21.9,62.4
21.8,62.4
21.8,63.1
21.8,63.0
21.8,62.4
21.8,63.1
21.8,62.4
21.9,62.4
21.8,62.3
21.8,62.3
21.8,63.0
21.8,62.4
21.8,63.0
21.8,63.0
21.8,62.3
21.8,62.3
21.8,62.5
21.8,62.3
21.8,62.4
21.8,62.4
21.8,62.3
21.8,62.3
21.8,62.3
21.8,62.4
21.8,62.4
21.8,63.0
21.8,62.3
21.8,62.3
21.8,62.3
21.8,62.3
21.8,62.9
21.8,62.3
21.8,62.4
21.8,62.4
21.8,62.3
21.8,62.3
21.8,62.3
21.8,62.2
21.8,62.3
21.8,62.2
21.8,62.9
21.8,63.0
21.8,62.3
21.8,63.0
21.8,62.3
21.8,62.3
21.8,62.3
21.8,62.3
21.8,62.3
21.8,62.2
21.8,62.3
21.8,63.0
21.8,62.9
21.8,63.0
21.8,62.2
21.8,62.4
21.8,62.3
21.8,63.1
21.8,63.0
21.8,62.2
21.8,62.3
21.8,62.9
21.8,62.9
21.8,62.3
21.8,62.3
21.8,62.3
21.8,63.0
21.8,62.3
21.8,62.3
21.8,63.0
21.8,62.8
21.8,62.9
21.8,62.3
21.8,62.9
21.8,62.9
21.8,62.9
21.8,62.2
21.8,62.9
21.8,62.3
21.8,62.3
21.8,62.2
21.8,63.0
21.8,62.4
21.8,62.2
21.8,62.4
21.8,62.2
21.8,62.2
21.8,62.2
21.8,62.9
21.8,62.2
21.8,62.3
21.8,62.2
21.8,62.3
21.8,62.9
21.8,62.2
21.8,62.9
21.8,62.3
21.8,62.3
21.8,62.2
21.8,62.3
21.8,63.0
21.8,62.9
21.8,62.3
21.8,62.3
21.8,62.3
21.8,62.3
21.8,62.2
21.8,62.3
21.8,62.3
21.8,62.3
21.8,62.9
21.8,62.3
21.8,62.8
21.8,62.3
21.8,62.2
21.8,62.3
21.8,62.3
21.8,63.0
21.8,62.2
21.8,62.3
21.8,62.2
21.8,62.3
21.8,62.2
21.8,62.3
21.8,62.3
21.8,62.9
21.8,62.3
21.8,63.0
21.8,62.2
21.8,62.2
21.8,62.2
21.8,62.3
21.8,62.2
21.8,62.9
21.8,62.2
21.8,62.3
21.8,62.3
21.8,62.2
21.8,62.3
21.8,62.3
21.8,62.3
21.8,62.3
21.8,62.3
21.8,62.9
21.8,62.8
21.8,62.3
21.8,62.3
21.8,62.3
21.8,62.2
21.8,62.2
21.8,62.3
21.8,62.2
21.8,62.2
21.8,62.9
21.8,62.2
21.8,62.3
21.8,62.3
21.8,62.3
21.8,62.9
21.8,62.2
21.8,62.3
21.8,62.3
21.8,62.3
21.8,62.2
21.8,62.3
21.8,63.0
21.8,62.3
21.8,62.3
21.8,63.0
21.8,62.3
21.8,63.0
21.8,62.4
21.8,62.4
21.8,62.5
21.8,62.5
21.8,62.4
21.8,63.1
21.8,63.1
21.8,62.4
21.8,62.4
21.8,62.5
21.8,62.5
21.8,62.5
21.8,62.5
21.8,62.5
21.8,62.5
21.8,63.2
21.8,63.3
21.8,62.5
21.8,63.2
21.8,63.3
21.8,62.6
21.8,62.7
21.8,62.7
21.8,62.7
21.8,62.8
21.8,63.4
21.8,62.7
21.8,63.4
21.8,62.7
21.8,62.6
21.8,62.6
21.8,62.6
21.8,62.5
21.8,62.4
21.8,62.5
21.8,62.5
21.8,63.1
21.8,62.4
21.8,62.4
21.8,63.2
21.8,63.2
21.8,62.5
21.8,62.5
21.8,62.5
21.8,62.5
21.8,62.5
21.9,63.2
21.8,63.1
21.9,63.1
21.8,62.5
21.8,62.4
21.8,62.5
21.8,63.1
21.8,62.4
21.8,62.4
21.8,62.5
21.8,62.5
21.9,63.2
21.8,63.2
21.8,63.1
21.8,63.2
21.8,62.5
21.8,62.4
21.8,62.4
21.8,62.5
21.8,62.4
21.8,63.1
21.8,62.4
21.8,62.4
21.8,62.4
21.8,62.5
21.8,62.4
21.8,62.4
21.8,62.5
21.8,62.6
21.8,62.4
21.8,62.4
21.8,62.4
21.8,63.1
21.8,62.4
21.8,63.1
21.8,63.0
21.8,63.0
21.8,62.4
21.8,63.1
21.8,62.5
21.8,63.1
21.8,62.4
21.8,62.4
21.8,62.3
21.8,62.4
21.8,62.3
21.8,62.4
21.8,62.3
21.8,63.0
21.8,62.4
21.8,62.4
21.8,63.0
21.8,63.1
21.8,62.4
21.8,62.3
21.8,62.4
21.8,62.4
21.8,62.9
21.8,63.0
21.8,62.4
21.8,63.0
21.8,62.4
21.8,63.1
21.8,62.4
21.8,62.4
21.8,62.3
21.8,62.4
21.8,63.1
21.8,62.9
21.8,62.4
21.8,63.0
21.8,62.3
21.8,62.4
21.8,62.4
21.8,62.5
21.8,63.0
21.8,62.4
21.8,62.4
21.8,62.4
21.8,62.4
21.8,62.5
21.8,62.4
21.8,62.4
21.8,62.4
21.8,62.5
21.8,62.5
21.8,62.5
21.8,62.4
21.8,63.0
21.8,63.1
21.8,62.5
21.8,63.1
21.8,63.1
21.8,62.4
21.8,62.4
21.8,62.4
21.8,62.5
21.8,62.5
21.8,62.4
21.8,63.0
21.8,63.0
21.8,63.1
21.8,62.5
21.8,62.4
21.8,62.4
21.8,62.3
21.8,62.4
21.8,62.4
21.8,63.0
21.8,62.4
21.8,62.4
21.8,63.1
21.8,63.2
21.8,62.4
21.8,63.0
21.8,62.6
21.8,62.5
21.8,63.1
21.8,62.5
21.8,62.5
21.8,63.1
21.8,62.5
21.8,62.4
21.8,62.4
21.8,62.4
21.8,62.5
21.8,62.4
21.8,62.5
21.8,63.2
21.8,63.1
21.8,62.5
21.8,62.4
21.8,62.5
21.8,62.5
21.8,63.2
21.8,62.5
21.8,63.2
21.8,62.5
21.8,62.4
21.8,62.5
21.8,62.5
21.8,63.2
21.8,63.1
21.8,62.5
21.8,63.1
21.8,63.1
21.8,63.2
21.8,62.5
21.8,62.5
21.8,62.5
21.8,62.5
21.8,62.5
21.8,62.6
21.8,62.5
21.8,62.5
21.8,62.5
21.8,62.5
21.8,62.5
21.8,62.4
21.8,62.5
21.8,62.5
21.8,62.5
21.8,62.5
21.8,63.1
21.8,62.5
21.8,62.5
21.8,63.1
21.8,62.5
21.8,62.4
21.8,63.1
21.8,62.4
21.8,62.5
21.8,63.0
21.8,62.5
21.8,63.1
21.8,62.4
21.8,62.4
21.8,63.1
21.8,62.5
21.8,62.5
21.8,63.1
21.8,63.1
21.8,63.1
21.8,62.4
21.8,62.5
21.8,62.4
21.8,62.5
21.8,62.4
21.8,62.4
21.8,62.5
21.8,62.5
21.8,62.5
21.8,62.5
21.8,63.0
21.8,62.5
21.8,62.5
21.8,63.2
21.8,62.5
21.8,62.5
21.8,62.5
21.8,62.4
21.8,62.4
21.8,62.5
21.8,63.2
21.8,62.4
21.8,62.4
21.8,62.4
21.8,62.4
21.8,62.4
21.8,62.4
21.8,63.1
21.8,62.4
21.8,63.1
21.8,62.5
21.8,63.1
21.8,62.4
21.8,63.1
21.8,62.4
21.8,62.4
21.8,62.4
21.8,62.4
21.8,63.1
21.8,62.4
21.8,63.1
21.8,62.3
21.8,63.1
21.8,62.4
21.8,62.5
21.8,62.4
21.8,63.0
21.8,62.4
21.8,62.5
21.8,62.4
21.8,62.4
21.8,63.1
21.8,62.4
21.8,63.1
21.8,62.4
21.8,62.4
21.8,62.4
21.8,62.4
21.8,62.4
21.8,63.1
21.8,62.4
21.8,62.5
21.8,62.4
21.8,63.1
21.8,63.1
21.8,63.0
21.8,62.9
21.8,62.4
21.8,63.0
21.8,62.3
21.8,62.4
21.8,62.4
21.8,62.4
21.8,62.4
21.8,62.6
21.8,63.2
21.8,62.6
21.8,63.3
21.8,62.8
21.8,62.7
21.8,62.7
21.8,62.7
21.8,63.3
21.8,62.7
21.8,62.6
21.8,62.7
21.8,63.2
21.8,62.6
21.8,63.1
21.8,62.6
21.8,62.6
21.8,62.6
21.8,63.2
21.8,62.7
21.8,62.6
21.8,62.5
21.8,62.7
21.8,63.2
21.8,62.6
21.8,63.1
21.8,63.1
21.8,62.5
21.8,62.6
21.8,62.5
21.8,63.2
21.8,62.5
21.8,62.5
21.8,62.5
21.8,62.5
21.8,62.5
21.8,62.5
21.8,62.6
21.8,62.6
21.8,63.1
21.8,63.2
21.8,62.5
21.8,63.1
21.8,63.1
21.8,63.1
21.8,63.0
21.8,63.1
21.8,62.4
21.8,62.4
21.8,62.4
21.8,62.4
21.8,62.4
21.8,62.4
21.8,62.4
21.8,62.4
21.8,63.1
21.8,62.4
21.8,62.4
21.8,62.4
21.8,63.1
21.8,62.3
21.8,62.4
21.8,62.4
21.8,62.4
21.8,63.0
21.8,63.0
21.8,62.9
21.8,63.0
21.8,63.0
21.8,62.3
21.8,62.9
21.8,63.0
21.8,62.3
21.8,63.0
21.8,62.4
21.8,62.4
21.8,63.0
21.8,62.3
21.8,63.0
21.8,62.9
21.8,62.3
21.8,63.1
21.8,62.9
21.8,62.3
21.8,62.4
21.8,62.3
21.8,62.4
21.8,62.3
21.8,62.3
21.8,62.3
21.8,62.4
21.8,62.4
21.8,62.3
21.8,63.0
21.8,62.4
21.8,62.3
21.8,62.3
21.8,62.3
21.8,62.4
21.8,63.0
21.8,62.4
21.8,62.3
21.8,62.4
21.8,62.4
21.8,62.3
21.8,62.3
21.8,62.3
21.8,62.3
21.8,63.0
21.8,62.4
21.8,62.3
21.8,63.1
21.8,62.4
21.8,63.0
21.8,63.0
21.8,62.4
21.8,63.1
21.8,62.3
21.8,63.0
21.8,63.0
21.8,62.5
21.8,62.4
21.8,62.4
21.8,62.5
21.8,63.1
21.8,62.4
21.8,62.4
21.8,62.4
21.8,63.0
21.8,62.4
21.7,62.5
21.7,62.5
21.8,63.1
21.7,63.0
21.7,62.4
21.7,62.4
21.7,62.4
21.8,63.1
21.7,62.5
21.8,62.9
21.8,62.6
21.8,62.5
21.8,62.5
21.8,62.5
21.8,63.1
21.8,63.1
21.7,62.4
21.7,62.5
21.7,62.5
21.8,62.4
21.8,63.1
21.8,62.4
21.8,62.4
21.7,62.4
21.7,62.4
21.8,62.5
21.7,63.1
21.8,62.6
21.8,63.1
21.7,62.4
21.8,62.4
21.7,63.0
21.7,63.1
21.7,63.0
21.8,63.0
21.8,62.9
21.7,62.4
21.8,63.0
21.7,63.1
21.8,62.4
21.7,62.4
21.7,62.4
21.8,62.4
21.7,62.4
21.7,62.5
21.7,63.0
21.7,62.5
21.8,62.4
21.7,62.5
21.8,63.0
21.7,62.5
21.7,62.4
21.7,62.4
21.7,62.4
21.7,63.1
21.7,62.4
21.7,62.4
21.7,62.4
21.8,62.4
21.7,62.4
21.7,62.4
21.7,62.5
21.7,62.4
21.7,62.4
21.7,63.0
21.7,62.4
21.7,62.5
21.7,63.0
21.7,62.4
21.7,62.4
21.7,63.0
21.7,62.5
21.7,62.4
21.7,62.5
21.7,62.5
21.7,62.5
21.7,62.5
21.8,63.0
21.7,62.4
21.7,63.0
21.7,63.0
21.7,62.4
21.7,62.4
21.7,63.0
21.7,62.9
21.7,62.4
21.7,63.1
21.7,62.4
21.7,63.0
21.7,63.0
21.7,62.4
21.7,62.9
21.7,63.0
21.7,62.4
21.7,62.5
21.7,62.5
21.7,62.9
21.7,62.4
21.7,62.9
21.8,63.0
21.7,63.1
21.7,62.4
21.7,62.4
21.7,62.9
21.7,63.0
21.7,63.0
21.7,62.5
21.7,63.0
21.7,62.5
21.7,62.4
21.7,63.0
21.7,62.4
21.7,62.5
21.7,62.4
21.7,62.5
21.7,63.0
21.7,62.4
21.7,62.9
21.7,62.4
21.7,63.1
21.7,62.5
21.7,63.0
21.7,62.4
21.7,62.4
21.7,63.1
21.7,62.4
21.7,62.4
21.7,62.8
21.7,62.4
21.7,62.3
21.7,62.3
21.7,62.8
21.7,62.9
21.7,62.3
21.7,62.3
21.7,62.4
21.7,62.3
21.7,62.4
21.7,63.0
21.7,62.4
21.7,62.4
21.7,63.1
21.7,63.1
21.7,62.4
21.7,62.5
21.7,62.4
21.7,62.4
21.7,63.1
21.8,62.5
21.7,62.4
21.7,63.1
21.8,62.6
21.8,62.5
21.7,63.1
21.8,62.5
21.8,63.0
21.7,62.5
21.8,62.5
21.8,62.5
21.8,63.0
21.8,63.0
21.8,62.4
21.8,63.0
21.7,63.0
21.7,62.3
21.8,63.0
21.8,62.3
21.8,62.4
21.7,62.4
21.7,63.0
21.8,62.4
21.7,62.9
21.7,63.0
21.8,62.8
21.7,62.3
21.8,63.0
21.7,62.4
21.7,62.4
21.7,62.4
21.7,62.5
21.7,62.4
21.7,62.4
21.7,63.1
21.7,62.5
21.7,63.1
21.7,63.0
21.7,62.4
21.7,62.5
21.7,62.4
21.7,62.5
21.7,62.4
21.7,62.4
21.7,62.4
21.7,62.4
21.7,63.0
21.7,63.0
21.7,62.4
21.7,62.4
21.7,62.4
21.7,62.4
21.7,63.1
21.7,62.4
21.7,62.4
21.7,62.5
21.7,62.9
21.7,62.9
21.7,62.4
21.7,62.4
21.7,62.4
21.7,62.4
21.7,62.4
21.7,62.3
21.7,62.3
21.7,62.3
21.7,62.3
21.7,63.0
21.7,62.3
21.7,63.0
21.7,62.3
21.7,63.0
21.7,62.9
21.7,62.3
21.7,62.3
21.7,62.3
21.7,62.3
21.7,63.0
21.7,63.0
21.7,63.0
21.7,62.3
21.7,62.4
21.7,62.3
21.7,62.3
21.7,63.0
21.7,62.3
21.7,62.3
21.7,62.4
21.7,63.1
21.7,62.4
21.7,63.1
21.7,63.0
21.7,62.4
21.7,62.4
21.7,62.3
21.7,63.0
21.7,63.0
21.7,62.3
21.7,62.4
21.7,62.3
21.7,62.3
21.7,62.9
21.7,62.3
21.7,62.3
21.7,62.3
21.7,62.3
21.7,62.3
21.7,63.0
21.7,62.3
21.7,62.2
21.7,62.3
21.7,62.3
21.7,62.9
21.7,62.3
21.7,62.2
21.7,62.9
21.7,62.3
21.7,62.3
21.7,63.0
21.7,63.0
21.7,62.4
21.7,62.3
21.7,62.3
21.7,62.3
21.7,63.0
21.7,63.0
21.7,62.3
21.7,62.3
21.7,62.3
21.7,63.0
21.7,63.0
21.7,62.3
21.7,62.4
21.7,62.3
21.7,62.4
21.7,63.0
21.7,63.0
21.7,62.4
21.7,63.0
21.7,62.9
21.7,63.0
21.7,63.0
21.7,62.4
21.7,63.0
21.7,62.4
21.7,62.4
21.7,62.5
21.7,62.4
21.7,63.1
21.7,62.4
21.7,62.4
21.7,62.4
21.7,62.4
21.7,62.4
21.7,62.4
21.7,63.0
21.7,62.4
21.7,62.4
21.7,62.4
21.7,63.0
21.7,63.0
21.7,63.1
21.7,62.4
21.7,63.0
21.7,62.4
21.7,62.4
21.7,62.4
21.7,62.4
21.7,62.4
21.7,63.1
21.7,62.3
21.7,62.3
21.7,62.3
21.7,62.3
21.7,62.3
21.7,63.0
21.7,62.3
21.7,62.3
21.7,62.3
21.7,63.0
21.7,62.3
21.7,62.4
21.7,62.3
21.7,62.4
21.7,62.3
21.7,62.4
21.7,62.3
21.7,62.3
21.7,62.3
21.7,63.0
21.7,62.3
21.7,62.3
21.7,62.3
21.7,62.3
21.7,62.3
21.7,62.3
21.7,62.3
21.7,62.3
21.7,62.3
21.7,62.9
21.7,62.3
21.7,62.3
21.7,62.9
21.7,63.0
21.7,62.3
21.7,62.9
21.7,62.3
21.7,62.3
21.7,62.4
21.7,62.3
21.7,62.3
21.7,62.4
21.7,62.3
21.7,62.4
21.7,63.1
21.7,62.4
21.7,63.1
21.7,62.4
21.7,63.1
21.7,62.3
21.7,62.4
21.7,62.3
21.7,63.1
21.7,63.1
21.7,62.4
21.7,63.0
21.7,62.4
21.7,62.4
21.7,62.4
21.7,62.4
21.7,63.1
21.7,62.4
21.7,62.4
21.7,63.1
21.7,63.0
21.7,62.3
21.7,63.0
21.7,62.3
21.7,62.9
21.7,62.4
21.7,62.4
21.7,62.4
21.7,62.4
21.7,62.4
21.7,62.4
21.7,63.1
21.7,62.3
21.7,63.1
21.7,62.3
21.7,62.4
21.7,63.0
21.7,62.4
21.7,62.4
21.7,62.4
21.7,62.4
21.7,63.1
21.7,62.3
21.7,62.3
21.7,62.3
21.7,62.4
21.7,63.0
21.7,63.0
21.7,62.3
21.7,63.0
21.7,62.3
21.7,62.3
21.7,62.3
21.7,62.3
21.7,63.0
21.7,62.3
21.7,62.4
21.7,62.3
21.7,62.3
21.7,62.3
21.7,62.3
21.7,62.4
21.7,62.2
21.7,62.3
21.7,62.3
21.7,62.3
21.7,62.3
21.7,62.4
21.7,62.3
21.7,62.4
21.7,63.0
21.7,62.4
21.7,62.3
21.7,62.4
21.7,62.4
21.7,62.4
21.7,62.4
21.7,62.4
21.7,63.1
21.7,63.1
21.7,62.4
21.7,62.4
21.7,62.5
21.7,62.4
21.7,62.5
21.7,62.3
21.7,63.1
21.7,62.3
21.7,62.4
21.7,63.1
21.7,62.4
21.7,62.4
21.7,62.4
21.7,62.4
21.7,62.4
21.7,62.4
21.7,62.4
21.7,62.5
21.7,63.1
21.7,62.4
21.7,62.4
21.7,63.1
21.7,62.4
21.7,62.5
21.7,62.4
21.7,62.4
21.7,62.4
21.7,62.4
21.7,62.4
21.7,63.1
21.7,62.5
21.7,63.0
21.7,62.5
21.7,62.4
21.7,62.5
21.7,62.5
21.7,63.1
21.7,62.4
21.7,62.5
21.7,62.5
21.7,62.5
21.7,62.5
21.7,62.5
21.7,63.0
21.7,62.4
21.7,63.1
21.7,62.4
21.7,62.5
21.7,62.4
21.7,63.2
21.7,63.2
21.7,62.5
21.7,63.2
21.7,62.5
21.7,62.5
21.7,62.4
21.7,62.5
21.7,63.1
21.7,63.1
21.7,62.4
21.7,62.5
21.7,63.2
21.7,62.5
21.7,62.5
21.7,62.5
21.7,62.6
21.7,62.5
21.7,62.5
21.7,62.5
21.7,62.6
21.7,62.5
21.7,62.6
21.7,62.5
21.7,63.3
21.7,62.6
21.7,63.2
21.7,62.5
21.7,62.5
21.7,62.6
21.7,63.2
21.7,62.5
21.7,63.3
21.7,62.6
21.7,63.3
21.7,62.6
21.7,62.6
21.7,62.7
21.7,62.6
21.7,62.6
21.7,62.6
21.7,62.6
21.7,62.6
21.7,62.6
21.7,62.6
21.7,62.5
21.7,62.6
21.7,62.7
21.7,62.6
21.7,63.3
21.7,63.2
21.7,62.6
21.7,62.6
21.7,62.5
21.7,63.3
21.7,63.3
21.7,63.2
21.7,62.7
21.7,63.3
21.7,63.3
21.7,62.6
21.7,62.6
21.7,62.7
21.7,63.2
21.7,62.5
21.7,62.7
21.7,62.6
21.7,63.3
21.7,62.7
21.7,62.7
21.7,63.4
21.7,63.3
21.7,62.7
21.7,63.3
21.7,63.3
21.7,62.7
21.7,62.7
21.7,62.7
21.7,62.7
21.7,62.8
21.7,62.7
21.7,62.7
21.7,62.7
21.7,63.3
21.7,62.7
21.7,63.3
21.7,62.7
21.7,62.8
21.7,62.7
21.7,62.8
21.7,63.3
21.7,62.7
21.7,63.4
21.7,62.8
21.7,63.4
21.7,62.7
21.7,62.8
21.7,62.7
21.7,62.7
21.7,62.8
21.7,62.8
21.7,62.8
21.7,62.7
21.7,62.8
21.7,63.4
21.7,63.4
21.7,63.3
21.7,62.7
21.7,63.4
21.7,62.8
21.7,63.4
21.7,63.5
21.7,62.7
21.7,62.8
21.7,62.8
21.7,63.4
21.7,63.4
21.7,63.4
21.7,63.4
21.8,62.8
21.7,62.8
21.7,63.5
21.7,63.5
21.7,63.4
21.7,63.3
21.7,62.8
21.7,62.7
21.7,62.8
21.7,62.8
21.7,63.4
21.7,62.8
21.7,62.8
21.7,62.8
21.7,63.5
21.7,62.8
21.7,62.8
21.7,62.9
21.7,62.8
21.7,62.9
21.7,63.5
21.8,62.8
21.7,62.9
21.7,63.4
21.7,63.5
21.7,62.9
21.7,62.9
21.7,62.8
21.7,62.9
21.7,62.9
21.7,63.6
21.7,63.5
21.7,63.5
21.8,63.0
21.7,62.9
21.7,62.9
21.7,62.8
21.8,62.8
21.7,63.5
21.7,62.9
21.7,63.6
21.7,62.8
21.8,63.5
21.8,62.8
21.7,62.8
21.7,63.5
21.7,62.9
21.8,62.8
21.7,62.9
21.7,62.9
21.7,62.8
21.7,62.9
21.7,62.9
21.7,62.9
21.8,62.9
21.7,62.9
21.7,62.9
21.7,62.8
21.7,62.8
21.7,63.5
21.7,62.9
21.7,62.8
21.7,62.9
21.7,63.5
21.7,62.9
21.7,63.6
21.7,62.9
21.7,63.6
21.8,62.9
21.7,62.9
21.7,62.9
21.7,63.5
21.7,62.8
21.8,63.6
21.7,63.5
21.7,62.9
21.7,62.9
21.7,62.9
21.7,62.8
21.7,62.9
21.7,62.9
21.7,63.5
21.7,62.9
21.7,63.6
21.8,62.9
21.7,63.0
21.7,62.9
21.7,63.5
21.7,63.6
21.7,63.0
21.7,63.6
21.7,63.5
21.7,62.9
21.7,63.5
21.7,63.0
21.7,63.0
21.7,62.9
21.7,63.6
21.7,62.9
21.7,62.9
21.7,62.9
21.7,62.9
21.7,63.0
21.7,63.0
21.7,63.0
21.7,62.9
21.7,63.5
21.7,63.0
21.7,63.6
21.7,63.0
21.7,62.9
21.7,62.9
21.7,63.0
21.7,63.6
21.7,62.9
21.7,62.9
21.7,63.0
21.7,62.9
21.7,63.0
21.7,63.0
21.7,62.9
21.7,63.0
21.7,63.7
21.7,63.0
21.7,63.6
21.7,63.0
21.7,63.1
21.7,63.1
21.7,63.0
21.7,63.7
21.7,63.1
21.7,63.7
21.7,63.0
21.7,63.0
21.7,63.0
21.7,63.7
21.7,63.0
21.7,63.1
21.7,63.0
21.7,63.1
21.7,63.6
21.7,63.0
21.7,63.7
21.7,63.6
21.7,62.9
21.7,62.9
21.7,63.7
21.7,63.6
21.7,63.7
21.7,63.0
21.7,63.0
21.7,63.0
21.7,63.0
21.7,63.0
21.7,63.0
21.7,63.0
21.7,63.1
21.7,63.0
21.7,63.1
21.7,63.5
21.7,63.6
21.7,63.0
21.7,63.1
21.7,63.1
21.7,63.0
21.7,63.0
21.7,63.6
21.7,63.2
21.7,63.1
21.7,63.1
21.7,63.1
21.7,63.1
21.7,63.1
21.7,63.8
21.7,63.1
21.7,63.7
21.7,63.1
21.7,63.0
21.7,63.1
21.7,63.1
21.7,63.0
21.7,63.0
21.7,63.6
21.7,63.1
21.7,63.7
21.7,63.7
21.7,63.1
21.7,63.1
21.7,63.7
21.7,63.1
21.7,63.0
21.7,63.0
21.7,63.0
21.7,63.6
21.7,63.7
21.7,63.7
21.7,63.7
21.7,63.1
21.7,63.1
21.7,63.0
21.7,63.1
21.7,63.0
21.7,63.7
21.7,63.1
21.7,63.1
21.7,63.8
21.7,63.0
21.7,63.1
21.7,63.1
21.7,63.0
21.7,63.1
21.7,63.7
21.7,63.1
21.7,63.1
21.7,63.2
21.7,63.1
21.7,63.1
21.7,63.7
21.7,63.1
21.7,63.1
21.7,63.8
21.7,63.2
21.7,63.2
21.7,63.1
21.7,63.7
21.7,63.8
21.7,63.1
21.7,63.1
21.7,63.1
21.7,63.8
21.7,63.2
21.7,63.7
21.7,63.1
21.7,63.8
21.7,63.2
21.7,63.1
21.7,63.1
21.7,63.8
21.7,63.1
21.7,63.8
21.7,63.8
21.7,63.0
21.7,63.8
21.7,63.1
21.7,63.1
21.7,63.0
21.7,63.0
21.7,63.0
21.7,63.7
21.7,63.8
21.7,63.1
21.7,63.7
21.7,63.1
21.7,63.1
21.7,63.1
21.7,63.1
21.7,63.8
21.7,63.2
21.7,63.8
21.7,63.1
21.7,63.2
21.7,63.8
21.7,63.1
21.7,63.1
21.7,63.1
21.7,63.1
21.7,63.0
21.7,63.2
21.7,63.1
21.7,63.1
21.7,63.6
21.7,63.7
21.7,63.1
21.7,63.7
21.7,63.2
21.7,63.7
21.7,63.1
21.7,63.1
21.7,63.1
21.7,63.1
21.7,63.1
21.7,63.2
21.7,63.0
21.7,63.1
21.7,63.1
21.7,63.2
21.7,63.1
21.7,63.1
21.7,63.1
21.7,63.1
21.7,63.1
21.7,63.5
21.7,63.2
21.7,63.2
21.7,63.2
21.7,63.2
21.7,63.2
21.7,63.6
21.7,63.2
21.7,63.1
21.7,63.1
21.7,63.6
21.7,63.1
21.7,63.2
21.7,63.7
21.7,63.1
21.7,63.1
21.7,63.1
21.7,63.2
21.7,63.8
21.7,63.2
21.7,63.2
21.7,63.1
21.7,63.2
21.7,63.2
21.7,63.2
21.7,63.3
21.7,63.2
21.7,63.2
21.7,63.2
21.7,63.1
21.7,63.2
21.7,63.2
21.7,63.9
21.7,63.9
21.7,63.2
21.7,63.3
21.7,63.3
21.7,63.4
21.7,63.3
21.7,63.3
21.7,63.4
21.7,63.2
21.7,64.0
21.7,63.3
21.7,63.3
21.7,63.3
21.7,63.3
21.7,63.4
21.7,63.4
21.7,63.3
21.7,63.2
21.7,63.3
21.7,64.0
21.7,63.3
21.7,63.2
21.7,63.2
21.7,63.3
21.7,63.2
21.7,63.3
21.7,63.9
21.7,63.3
21.7,63.3
21.7,63.3
21.7,64.0
21.7,63.3
21.7,63.3
21.7,63.4
21.7,63.3
21.7,63.3
21.7,63.3
21.7,63.3
21.8,63.3
21.7,64.0
21.7,63.2
21.7,63.3
21.7,63.9
21.8,63.3
21.7,63.2
21.7,63.2
21.7,63.9
21.7,63.9
21.7,63.2
21.8,63.1
21.7,63.2
21.7,63.1
21.7,63.2
21.7,63.2
21.7,63.2
21.7,63.2
21.7,63.3
21.7,63.2
21.7,63.9
21.7,63.2
21.7,63.2
21.7,63.2
21.8,63.8
21.7,63.2
21.7,63.2
21.7,63.9
21.7,63.9
21.7,63.2
21.7,63.2
21.7,63.9
21.7,63.3
21.7,63.2
21.7,63.3
21.7,63.2
21.7,63.3
21.7,63.9
21.7,63.9
21.7,63.9
21.7,63.3
21.7,63.9
21.7,63.3
21.7,63.2
21.7,63.2
21.7,63.3
21.7,63.3
21.7,63.3
21.7,63.3
21.7,63.2
21.7,63.9
21.7,63.2
21.7,63.2
21.7,63.3
21.7,63.2
21.7,63.2
21.7,63.2
21.8,63.3
21.7,63.2
21.7,63.2
21.7,63.2
21.7,63.2
21.7,63.2
21.7,63.9
21.7,63.2
21.7,63.9
21.7,63.9
21.7,63.2
21.7,63.1
21.7,63.1
21.7,63.2
21.7,63.2
21.7,63.2
21.7,63.3
21.7,63.2
21.7,63.9
21.7,63.2
21.7,63.2
21.7,63.2
21.7,63.9
21.7,63.2
21.7,63.1
21.7,63.9
21.7,63.2
21.7,63.9
21.7,63.2
21.7,63.8
21.7,63.9
21.7,63.9
21.7,63.9
21.7,63.3
21.7,63.3
21.7,63.2
21.7,63.2
21.8,63.1
21.7,63.2
21.7,63.2
21.7,63.2
21.7,63.2
21.7,63.9
21.7,63.9
21.7,63.2
21.7,63.8
21.7,63.2
21.7,63.2
21.7,63.2
21.7,63.9
21.7,63.2
21.7,63.9
21.7,63.9
21.7,63.2
21.7,63.9
21.7,63.9
21.7,63.1
21.7,63.8
21.7,63.8
21.7,63.2
21.7,63.9
21.7,63.2
21.7,63.9
21.7,63.2
21.7,63.2
21.7,63.8
21.7,63.3
21.7,63.9
21.7,63.9
21.7,63.2
21.7,63.2
21.7,63.8
21.7,63.2
21.7,63.2
21.7,63.2
21.7,63.2
21.7,63.8
21.7,63.1
21.7,63.2
21.7,63.9
21.7,63.2
21.7,63.8
21.7,63.2
21.7,63.2
21.7,63.2
21.7,63.2
21.7,63.2
21.7,63.1
21.7,63.1
21.7,63.2
21.7,63.2
21.7,63.2
21.7,63.3
21.7,63.2
21.7,63.9
21.7,63.2
21.7,63.2
21.7,63.1
21.7,63.9
21.7,63.1
21.7,63.8
21.7,63.1
21.7,63.2
21.7,63.8
21.7,63.1
21.7,63.0
21.7,63.8
21.7,63.1
21.7,63.1
21.7,63.2
21.7,63.1
21.7,63.7
21.7,63.9
21.7,63.8
21.7,63.1
21.7,63.1
21.7,63.1
21.7,63.1
21.7,63.1
21.7,63.1
21.7,63.1
21.7,63.0
21.7,63.7
21.7,63.1
21.7,63.0
21.7,63.1
21.7,63.7
21.7,63.1
21.7,63.1
21.7,63.1
21.7,63.8
21.7,63.8
21.7,63.8
21.7,63.1
21.7,63.1
21.7,63.1
21.7,63.1
21.7,63.1
21.7,63.2
21.7,63.9
21.7,63.8
21.7,63.2
21.7,63.2
21.7,63.2
21.7,63.1
21.7,63.2
21.7,63.8
21.7,63.2
21.7,63.2
21.7,63.8
21.7,63.1
21.7,63.8
21.7,63.8
21.7,63.1
21.7,63.1
21.7,63.1
21.7,63.0
21.7,63.0
21.7,63.1
21.7,63.2
21.7,63.2
21.7,63.8
21.7,63.1
21.7,63.1
21.7,63.8
21.7,63.2
21.7,63.1
21.7,63.2
21.7,63.8
21.7,63.2
21.7,63.2
21.7,63.2
21.7,63.8
21.7,63.2
21.7,63.2
21.7,63.9
21.6,63.7
21.7,63.8
21.7,63.8
21.7,63.8
21.7,63.1
21.7,63.7
21.7,63.1
21.7,63.2
21.7,63.8
21.7,63.2
21.7,63.2
21.7,63.2
21.7,63.3
21.7,63.3
21.7,63.2
21.7,63.7
21.7,63.8
21.7,63.8
21.7,63.0
21.7,63.7
21.7,63.7
21.7,63.0
21.7,63.8
21.7,63.1
21.7,63.1
21.7,63.7
21.7,63.1
21.7,63.0
21.7,63.1
21.7,63.1
21.7,63.0
21.7,63.8
21.7,63.0
21.7,63.1
21.7,63.1
21.7,63.1
21.7,63.1
21.7,63.8
21.7,63.1
21.7,63.0
21.7,63.1
21.7,63.0
21.7,63.1
21.7,63.0
21.7,63.0
21.7,63.1
21.7,63.1
21.7,63.0
21.7,63.0
21.7,63.1
21.7,63.0
21.7,63.1
21.7,63.1
21.7,63.0
21.7,63.7
21.7,63.1
21.7,63.1
21.7,63.2
21.7,63.1
21.7,63.6
21.7,63.8
21.7,63.1
21.7,63.7
21.7,63.0
21.7,63.6
21.7,63.0
21.7,63.0
21.7,63.0
21.7,63.0
21.7,63.0
21.7,63.0
21.7,63.0
21.7,63.6
21.7,63.0
21.7,63.0
21.7,63.0
21.7,63.5
21.7,62.9
21.7,62.9
21.7,62.9
21.7,63.5
21.7,63.1
21.7,63.7
21.7,62.9
21.7,63.0
21.7,63.0
21.7,63.6
21.7,63.6
21.7,63.6
21.7,62.9
21.7,63.6
21.7,63.0
21.7,63.0
21.7,63.5
21.7,62.9
21.7,62.9
21.7,62.9
21.7,62.9
21.6,63.5
21.7,62.8
21.7,63.6
21.7,63.6
21.6,62.9
21.7,62.9
21.7,62.9
21.7,62.9
21.7,62.8
21.7,62.9
21.7,62.8
21.7,62.9
21.6,63.5
21.7,62.9
21.6,63.6
21.7,62.8
21.7,63.5
21.7,63.6
21.6,62.9
21.7,62.9
21.6,63.5
21.7,63.6
21.6,63.6
21.7,62.8
21.7,62.9
21.7,62.8
21.7,62.9
21.7,62.9
21.7,62.9
21.7,62.9
21.7,63.5
21.7,63.4
21.7,63.6
21.7,63.6
21.6,62.9
21.7,63.6
21.6,62.8
21.6,62.9
21.7,62.9
21.6,63.6
21.6,62.9
21.6,62.9
21.7,62.9
21.7,62.9
21.6,62.9
21.6,62.9
21.6,63.5
21.7,63.0
21.7,63.5
21.6,63.6
21.7,62.9
21.6,62.9
21.7,62.9
21.7,62.8
21.7,63.6
21.6,62.9
21.6,62.8
21.7,62.9
21.6,62.8
21.6,62.9
21.7,63.6
21.6,63.5
21.7,62.9
21.6,63.6
21.7,63.6
21.6,63.5
21.6,63.5
21.7,62.9
21.6,62.9
21.6,62.8
21.6,62.9
21.6,63.6
21.6,62.9
21.7,63.5
21.6,63.6
21.6,62.8
21.6,62.9
21.7,62.9
21.7,62.9
21.6,63.5
21.6,63.6
21.6,63.4
21.6,63.5
21.7,62.8
21.6,62.8
21.6,62.8
21.7,62.8
21.7,62.9
21.6,63.5
21.6,62.9
21.6,63.5
21.7,62.9
21.6,62.9
21.6,63.4
21.7,62.8
21.6,62.8
21.6,63.5
21.6,62.9
21.6,62.8
21.7,63.4
21.6,62.9
21.7,62.9
21.7,62.9
21.6,62.9
21.6,62.9
21.6,62.9
21.6,63.5
21.6,62.8
21.6,62.9
21.6,62.9
21.6,62.9
21.6,62.9
21.6,62.9
21.6,63.5
21.6,62.8
21.7,62.8
21.6,62.8
21.7,63.5
21.6,63.4
21.6,62.8
21.6,62.8
21.6,62.8
21.6,62.8
21.6,62.7
21.6,62.8
21.6,62.8
21.6,63.5
21.6,62.8
21.6,62.7
21.6,62.8
21.6,62.8
21.6,62.8
21.7,62.8
21.6,63.5
21.6,62.8
21.6,62.8
21.6,62.9
21.6,62.8
21.6,62.7
21.6,62.8
21.6,63.5
21.6,62.8
21.6,62.8
21.6,62.8
21.6,62.8
21.6,63.4
21.6,62.8
21.6,62.7
21.6,62.7
21.6,62.7
21.6,62.8
21.6,62.7
21.6,62.7
21.6,63.4
21.6,62.7
21.6,62.7
21.6,63.4
21.6,62.8
21.6,63.4
21.6,63.4
21.6,62.7
21.6,63.5
21.6,62.8
21.6,62.7
21.6,63.4
21.6,62.7
21.6,62.7
21.6,62.8
21.6,62.7
21.6,62.7
21.6,62.7
21.7,62.8
21.6,63.4
21.6,62.7
21.6,62.7
21.6,62.7
21.6,63.4
21.6,63.4
21.6,62.7
21.6,62.7
21.6,63.3
21.6,63.4
21.6,62.8
21.6,63.4
21.6,63.4
21.6,62.7
21.6,62.7
21.6,62.8
21.6,62.7
21.6,62.7
21.6,62.7
21.6,62.7
21.6,63.3
21.6,63.3
21.6,62.8
21.6,62.8
21.6,62.7
21.6,62.7
21.6,63.3
21.6,63.3
21.6,62.7
21.6,62.6
21.6,62.7
21.6,63.4
21.6,63.4
21.6,63.3
21.6,63.4
21.6,62.6
21.6,62.7
21.6,63.4
21.6,62.7
21.6,62.7
21.6,62.7
21.6,63.4
21.6,63.3
21.6,63.3
21.6,63.3
21.6,62.6
21.6,62.6
21.6,62.7
21.6,63.3
21.6,62.7
21.6,62.7
21.6,62.8
21.6,62.8
21.6,63.4
21.6,63.4
21.6,62.7
21.6,63.2
21.6,63.3
21.6,62.6
21.6,62.6
21.6,62.7
21.6,62.7
21.6,62.7
21.6,63.4
21.6,63.3
21.6,63.4
21.6,62.7
21.6,63.4
21.6,62.8
21.6,62.8
21.6,62.8
21.6,62.7
21.6,63.4
21.6,62.7
21.6,62.8
21.6,62.7
21.6,63.5
21.6,62.7
21.6,62.8
21.6,62.8
21.6,62.8
21.6,62.7
21.6,62.7
21.6,62.7
21.6,63.4
21.6,63.4
21.6,63.4
21.6,63.3
21.6,62.7
21.6,62.6
21.6,63.4
21.6,62.7
21.6,62.7
21.6,62.7
21.6,62.7
21.6,62.7
21.6,62.7
21.6,63.4
21.6,62.7
21.6,63.4
21.6,62.7
21.6,62.7
21.6,62.7
21.6,62.7
21.6,62.7
21.6,62.7
21.6,63.3
21.6,62.7
21.6,62.8
21.6,63.4
21.6,62.7
21.6,62.7
21.6,62.7
21.6,63.3
21.6,62.7
21.6,63.3
21.6,62.8
21.6,63.4
21.6,63.3
21.6,62.7
21.6,63.4
21.6,63.3
21.6,62.7
21.6,63.3
21.6,62.7
21.6,62.7
21.6,62.7
21.6,63.3
21.6,62.7
21.6,63.4
21.6,62.7
21.6,62.7
21.6,62.7
21.6,62.8
21.6,62.7
21.6,63.3
21.6,62.7
21.6,62.7
21.6,62.6
21.6,62.6
21.6,63.3
21.6,62.7
21.6,62.6
21.6,62.7
21.6,63.3
21.6,63.3
21.6,63.3
21.6,62.7
21.6,63.3
21.6,62.7
21.6,62.7
21.6,62.7
21.6,62.7
21.7,62.7
21.6,63.3
21.6,62.6
21.6,62.7
21.6,62.7
21.6,62.6
21.7,62.7
21.6,62.6
21.6,62.7
21.6,62.7
21.6,62.6
21.6,62.6
21.6,62.7
21.6,63.2
21.6,62.6
21.6,62.6
21.6,62.6
21.6,62.6
21.6,62.6
21.6,63.2
21.6,62.7
21.6,62.6
21.6,62.6
21.6,62.6
21.6,62.6
21.6,63.2
21.6,62.7
21.6,63.2
21.6,62.6
21.6,62.7
21.6,62.7
21.6,62.7
21.6,62.6
21.6,62.6
21.6,62.6
21.6,62.7
21.6,62.6
21.6,62.6
21.6,62.6
21.6,62.5
21.6,62.6
21.6,62.5
21.6,62.6
21.6,63.1
21.6,62.6
21.6,63.2
21.6,62.6
21.6,62.5
21.6,62.6
21.6,62.5
21.6,62.6
21.6,62.6
21.6,63.1
21.6,62.5
21.6,62.5
21.6,62.5
21.6,62.5
21.6,62.6
21.6,62.4
21.6,62.5
21.6,62.5
21.6,62.5
21.6,62.5
21.6,62.5
21.6,62.5
21.6,62.5
21.6,62.5
21.6,62.5
21.6,63.2
21.6,62.5
21.6,62.5
21.6,62.6
21.6,63.0
21.6,62.5
21.6,62.5
21.6,62.4
21.6,62.5
21.6,63.1
21.6,62.5
21.6,62.6
21.6,62.6
21.6,62.5
21.6,62.6
21.6,63.1
21.6,62.5
21.6,62.6
21.6,63.1
21.6,62.5
21.6,62.6
21.6,63.2
21.6,63.2
21.6,62.6
21.6,63.1
21.6,62.6
21.6,63.1
21.6,62.5
21.6,62.5
21.6,63.0
21.6,63.1
21.6,62.5
21.6,63.1
21.6,62.5
21.6,62.4
21.6,63.2
21.6,63.0
21.6,63.1
21.6,63.1
21.6,62.5
21.6,63.0
21.6,63.1
21.6,62.5
21.6,63.0
21.6,63.1
21.6,62.5
21.6,62.5
21.6,63.2
21.6,63.0
21.6,62.5
21.6,62.4
21.6,62.5
21.6,62.4
21.6,62.4
21.6,63.1
21.6,63.1
21.6,62.5
21.6,62.5
21.6,62.5
21.6,62.4
21.6,62.5
21.6,62.5
21.6,62.6
21.6,62.5
21.6,62.4
21.6,62.5
21.6,62.5
21.6,62.5
21.6,63.1
21.6,62.5
21.6,62.4
21.6,62.5
21.6,63.1
21.6,62.5
21.6,62.5
21.6,62.5
21.6,62.6
21.6,62.5
21.6,62.5
21.6,62.5
21.6,63.1
21.6,63.1
21.6,62.5
21.6,63.1
21.6,63.0
21.6,62.4
21.6,62.4
21.6,62.5
21.6,62.4
21.6,62.5
21.6,62.4
21.6,62.4
21.6,62.5
21.6,62.4
21.6,63.0
21.6,63.1
21.6,63.0
21.6,62.4
21.6,62.4
21.6,62.4
21.6,63.1
21.6,63.0
21.6,62.4
21.6,62.4
21.6,62.3
21.6,62.9
21.6,62.4
21.6,62.3
21.6,62.4
21.6,62.4
21.6,62.4
21.6,62.3
21.6,62.4
21.6,62.5
21.6,63.1
21.6,62.4
21.6,62.4
21.6,63.0
21.6,62.5
21.6,62.5
21.6,63.1
21.6,62.5
21.6,62.5
21.6,62.5
21.6,62.5
21.6,62.5
21.6,62.6
21.6,62.6
21.6,62.6
21.6,62.5
21.6,63.1
21.6,62.4
21.6,62.5
21.6,62.6
21.6,62.5
21.6,62.4
21.6,62.5
21.6,63.2
21.6,62.5
21.6,62.5
21.6,62.5
21.6,62.5
21.6,62.5
21.6,63.0
21.6,62.4
21.6,62.5
21.6,62.5
21.6,63.2
21.6,63.1
21.6,62.5
21.6,62.5
21.6,62.5
21.6,62.4
21.6,63.2
21.6,63.1
21.6,62.4
21.6,62.5
21.6,63.1
21.6,62.4
21.6,62.5
21.6,62.5
21.6,62.5
21.6,63.1
21.6,62.5
21.6,62.4
21.6,62.5
21.6,62.4
21.6,62.4
21.6,63.1
21.6,63.1
21.6,63.1
21.6,62.4
21.6,62.4
21.6,62.4
21.6,62.4
21.6,62.5
21.6,62.5
21.6,62.5
21.6,62.6
21.6,63.1
21.6,63.1
21.6,63.1
21.6,62.6
21.6,63.1
21.6,62.5
21.6,62.5
21.5,62.4
21.6,62.5
21.6,63.1
21.6,62.5
21.6,62.5
21.6,62.5
21.5,62.5
21.6,62.5
21.6,62.5
21.6,63.2
21.5,63.2
21.6,62.4
21.6,62.4
21.5,63.1
21.6,62.9
21.6,62.5
21.6,63.1
21.6,62.5
21.6,62.4
21.6,63.1
21.6,62.4
21.6,62.5
21.6,63.1
21.6,62.5
21.6,62.5
21.6,62.6
21.6,62.6
21.5,63.2
21.6,62.5
21.6,62.5
21.6,62.5
21.6,62.6
21.6,62.6
21.6,63.2
21.6,62.6
21.6,62.6
21.6,62.7
21.6,62.7
21.6,62.7
21.6,63.4
21.6,62.7
21.6,62.7
21.6,63.4
21.6,62.6
21.6,63.3
21.6,63.2
21.6,62.6
21.6,62.6
21.6,63.1
21.6,63.2
21.6,62.5
21.6,62.6
21.6,62.6
21.6,62.6
21.6,62.6
21.6,62.6
21.6,62.8
21.6,62.6
21.6,63.3
21.6,63.2
21.6,63.3
21.6,62.7
21.6,62.7
21.6,62.6
21.6,63.3
21.6,62.7
21.6,62.7
21.6,62.7
21.6,63.4
21.6,62.7
21.6,63.3
21.6,62.6
21.6,63.3
21.6,63.3
21.6,62.7
21.6,62.7
21.6,62.7
21.6,62.7
21.6,63.4
21.6,62.7
21.6,62.8
21.6,62.7
21.6,63.4
21.6,62.8
21.6,62.7
21.6,62.8
21.6,62.8
21.6,62.8
21.6,62.9
21.6,62.7
21.6,63.4
21.6,62.8
21.6,62.8
21.6,63.5
21.6,63.5
21.6,62.8
21.6,63.4
21.6,62.8
21.6,62.7
21.6,62.8
21.6,62.8
21.6,62.7
21.6,62.7
21.6,63.4
21.6,62.8
21.6,62.8
21.6,63.6
21.6,62.9
21.6,62.9
21.7,63.6
21.6,63.0
21.6,63.6
21.6,63.0
21.6,63.5
21.6,63.4
21.6,63.0
21.6,63.6
21.6,63.0
21.6,63.0
21.6,62.9
21.6,62.9
21.6,62.8
21.6,62.8
21.7,63.2
21.7,63.4
21.7,64.0
21.7,63.9
21.7,63.2
21.8,63.1
21.8,63.0
21.8,62.9
21.8,62.9
21.8,62.8
21.8,62.8
21.8,62.8
24.8,68.6
24.9,68.6
24.9,68.5
24.9,68.4

